<?xml version="1.0" encoding="Windows-1252"?>
<!DOCTYPE POWERMART SYSTEM "powrmart.dtd">
<POWERMART CREATION_DATE="05/29/2022 21:38:18" REPOSITORY_VERSION="186.95">
<REPOSITORY NAME="Repo_Academy" VERSION="186" CODEPAGE="MS1252" DATABASETYPE="Oracle">
<FOLDER NAME="Training_Academy" GROUP="" OWNER="infouser" SHARED="NOTSHARED" DESCRIPTION="" PERMISSIONS="rwx---r--" UUID="80c0db5a-08b0-4b43-b8e0-28b3bf1d0ac9">
    <SOURCE BUSINESSNAME ="" DATABASETYPE ="Flat File" DBDNAME ="FlatFile" DESCRIPTION ="" NAME ="CDW_UAS_COLLEGE1" OBJECTVERSION ="1" OWNERNAME ="" VERSIONNUMBER ="1">
        <FLATFILE CODEPAGE ="MS1252" CONSECDELIMITERSASONE ="NO" DELIMITED ="YES" DELIMITERS ="|" ESCAPE_CHARACTER ="" KEEPESCAPECHAR ="NO" LINESEQUENTIAL ="NO" MULTIDELIMITERSASAND ="NO" NULLCHARTYPE ="ASCII" NULL_CHARACTER ="*" PADBYTES ="1" QUOTE_CHARACTER ="DOUBLE" REPEATABLE ="NO" ROWDELIMITER ="0" SHIFTSENSITIVEDATA ="NO" SKIPROWS ="1" STRIPTRAILINGBLANKS ="NO"/>
        <TABLEATTRIBUTE NAME ="Base Table Name" VALUE =""/>
        <TABLEATTRIBUTE NAME ="Search Specification" VALUE =""/>
        <TABLEATTRIBUTE NAME ="Sort Specification" VALUE =""/>
        <TABLEATTRIBUTE NAME ="Datetime Format" VALUE ="A  19 mm/dd/yyyy hh24:mi:ss"/>
        <TABLEATTRIBUTE NAME ="Thousand Separator" VALUE ="None"/>
        <TABLEATTRIBUTE NAME ="Decimal Separator" VALUE ="."/>
        <TABLEATTRIBUTE NAME ="Add Currently Processed Flat File Name Port" VALUE ="NO"/>
        <TABLEATTRIBUTE NAME ="Source TimeStamp" VALUE =""/>
        <SOURCEFIELD BUSINESSNAME ="" DATATYPE ="number" DESCRIPTION ="" FIELDNUMBER ="1" FIELDPROPERTY ="0" FIELDTYPE ="ELEMITEM" HIDDEN ="NO" KEYTYPE ="NOT A KEY" LENGTH ="9" LEVEL ="0" NAME ="College_code" NULLABLE ="NULL" OCCURS ="0" OFFSET ="0" PHYSICALLENGTH ="9" PHYSICALOFFSET ="0" PICTURETEXT ="" PRECISION ="9" SCALE ="0" USAGE_FLAGS =""/>
        <SOURCEFIELD BUSINESSNAME ="" DATATYPE ="string" DESCRIPTION ="" FIELDNUMBER ="2" FIELDPROPERTY ="0" FIELDTYPE ="ELEMITEM" HIDDEN ="NO" KEYTYPE ="NOT A KEY" LENGTH ="25" LEVEL ="0" NAME ="College_Name" NULLABLE ="NULL" OCCURS ="0" OFFSET ="9" PHYSICALLENGTH ="25" PHYSICALOFFSET ="9" PICTURETEXT ="" PRECISION ="25" SCALE ="0" USAGE_FLAGS =""/>
        <SOURCEFIELD BUSINESSNAME ="" DATATYPE ="string" DESCRIPTION ="" FIELDNUMBER ="3" FIELDPROPERTY ="0" FIELDTYPE ="ELEMITEM" HIDDEN ="NO" KEYTYPE ="NOT A KEY" LENGTH ="30" LEVEL ="0" NAME ="College_street" NULLABLE ="NULL" OCCURS ="0" OFFSET ="34" PHYSICALLENGTH ="30" PHYSICALOFFSET ="34" PICTURETEXT ="" PRECISION ="30" SCALE ="0" USAGE_FLAGS =""/>
        <SOURCEFIELD BUSINESSNAME ="" DATATYPE ="string" DESCRIPTION ="" FIELDNUMBER ="4" FIELDPROPERTY ="0" FIELDTYPE ="ELEMITEM" HIDDEN ="NO" KEYTYPE ="NOT A KEY" LENGTH ="30" LEVEL ="0" NAME ="College_city" NULLABLE ="NULL" OCCURS ="0" OFFSET ="64" PHYSICALLENGTH ="30" PHYSICALOFFSET ="64" PICTURETEXT ="" PRECISION ="30" SCALE ="0" USAGE_FLAGS =""/>
        <SOURCEFIELD BUSINESSNAME ="" DATATYPE ="string" DESCRIPTION ="" FIELDNUMBER ="5" FIELDPROPERTY ="0" FIELDTYPE ="ELEMITEM" HIDDEN ="NO" KEYTYPE ="NOT A KEY" LENGTH ="30" LEVEL ="0" NAME ="College_state" NULLABLE ="NULL" OCCURS ="0" OFFSET ="94" PHYSICALLENGTH ="30" PHYSICALOFFSET ="94" PICTURETEXT ="" PRECISION ="30" SCALE ="0" USAGE_FLAGS =""/>
        <SOURCEFIELD BUSINESSNAME ="" DATATYPE ="number" DESCRIPTION ="" FIELDNUMBER ="6" FIELDPROPERTY ="0" FIELDTYPE ="ELEMITEM" HIDDEN ="NO" KEYTYPE ="NOT A KEY" LENGTH ="7" LEVEL ="0" NAME ="College_Zip" NULLABLE ="NULL" OCCURS ="0" OFFSET ="124" PHYSICALLENGTH ="7" PHYSICALOFFSET ="124" PICTURETEXT ="" PRECISION ="7" SCALE ="0" USAGE_FLAGS =""/>
        <SOURCEFIELD BUSINESSNAME ="" DATATYPE ="string" DESCRIPTION ="" FIELDNUMBER ="7" FIELDPROPERTY ="0" FIELDTYPE ="ELEMITEM" HIDDEN ="NO" KEYTYPE ="NOT A KEY" LENGTH ="10" LEVEL ="0" NAME ="College_Phone" NULLABLE ="NULL" OCCURS ="0" OFFSET ="131" PHYSICALLENGTH ="10" PHYSICALOFFSET ="131" PICTURETEXT ="" PRECISION ="10" SCALE ="0" USAGE_FLAGS =""/>
    </SOURCE>
    <TARGET BUSINESSNAME ="" CONSTRAINT ="" DATABASETYPE ="Oracle" DESCRIPTION ="" NAME ="CDW_UAS_D_COLLEGE" OBJECTVERSION ="1" TABLEOPTIONS ="" VERSIONNUMBER ="1">
        <TARGETFIELD BUSINESSNAME ="" DATATYPE ="number(p,s)" DESCRIPTION ="" FIELDNUMBER ="1" KEYTYPE ="PRIMARY KEY" NAME ="COLLEGE_CODE" NULLABLE ="NOTNULL" PICTURETEXT ="" PRECISION ="9" SCALE ="0"/>
        <TARGETFIELD BUSINESSNAME ="" DATATYPE ="nvarchar2" DESCRIPTION ="" FIELDNUMBER ="2" KEYTYPE ="NOT A KEY" NAME ="COLLEGE_NAME" NULLABLE ="NULL" PICTURETEXT ="" PRECISION ="25" SCALE ="0"/>
        <TARGETFIELD BUSINESSNAME ="" DATATYPE ="nvarchar2" DESCRIPTION ="" FIELDNUMBER ="3" KEYTYPE ="NOT A KEY" NAME ="COLLEGE_STREET" NULLABLE ="NULL" PICTURETEXT ="" PRECISION ="30" SCALE ="0"/>
        <TARGETFIELD BUSINESSNAME ="" DATATYPE ="nvarchar2" DESCRIPTION ="" FIELDNUMBER ="4" KEYTYPE ="NOT A KEY" NAME ="COLLEGE_CITY" NULLABLE ="NULL" PICTURETEXT ="" PRECISION ="30" SCALE ="0"/>
        <TARGETFIELD BUSINESSNAME ="" DATATYPE ="nvarchar2" DESCRIPTION ="" FIELDNUMBER ="5" KEYTYPE ="NOT A KEY" NAME ="COLLEGE_STATE" NULLABLE ="NULL" PICTURETEXT ="" PRECISION ="30" SCALE ="0"/>
        <TARGETFIELD BUSINESSNAME ="" DATATYPE ="number(p,s)" DESCRIPTION ="" FIELDNUMBER ="6" KEYTYPE ="NOT A KEY" NAME ="COLLEGE_ZIP" NULLABLE ="NULL" PICTURETEXT ="" PRECISION ="7" SCALE ="0"/>
        <TARGETFIELD BUSINESSNAME ="" DATATYPE ="nvarchar2" DESCRIPTION ="" FIELDNUMBER ="7" KEYTYPE ="NOT A KEY" NAME ="COLLEGE_PHONE" NULLABLE ="NULL" PICTURETEXT ="" PRECISION ="13" SCALE ="0"/>
    </TARGET>
    <MAPPING DESCRIPTION ="" ISVALID ="YES" NAME ="m_CDW_UAS_D_COLLEGE" OBJECTVERSION ="1" VERSIONNUMBER ="1">
        <TRANSFORMATION DESCRIPTION ="" NAME ="rtr_CDW_UAS_D_COLLEGE" OBJECTVERSION ="1" REUSABLE ="NO" TYPE ="Router" VERSIONNUMBER ="1">
            <GROUP DESCRIPTION ="" NAME ="INPUT" ORDER ="1" TYPE ="INPUT"/>
            <GROUP DESCRIPTION ="" EXPRESSION ="o_new_record" NAME ="NEW_RECORD" ORDER ="2" TYPE ="OUTPUT"/>
            <GROUP DESCRIPTION ="Path for the data when none of the group conditions are satisfied." NAME ="DEFAULT1" ORDER ="4" TYPE ="OUTPUT/DEFAULT"/>
            <GROUP DESCRIPTION ="" EXPRESSION ="o_updated_record" NAME ="UPDATED_RECORD" ORDER ="3" TYPE ="OUTPUT"/>
            <TRANSFORMFIELD DATATYPE ="decimal" DEFAULTVALUE ="" DESCRIPTION ="" GROUP ="INPUT" NAME ="COLLEGE_CODE" PICTURETEXT ="" PORTTYPE ="INPUT" PRECISION ="9" SCALE ="0"/>
            <TRANSFORMFIELD DATATYPE ="string" DEFAULTVALUE ="" DESCRIPTION ="" GROUP ="INPUT" NAME ="COLLEGE_NAME" PICTURETEXT ="" PORTTYPE ="INPUT" PRECISION ="25" SCALE ="0"/>
            <TRANSFORMFIELD DATATYPE ="string" DEFAULTVALUE ="" DESCRIPTION ="" GROUP ="INPUT" NAME ="COLLEGE_STREET" PICTURETEXT ="" PORTTYPE ="INPUT" PRECISION ="30" SCALE ="0"/>
            <TRANSFORMFIELD DATATYPE ="string" DEFAULTVALUE ="" DESCRIPTION ="" GROUP ="INPUT" NAME ="COLLEGE_CITY" PICTURETEXT ="" PORTTYPE ="INPUT" PRECISION ="30" SCALE ="0"/>
            <TRANSFORMFIELD DATATYPE ="string" DEFAULTVALUE ="" DESCRIPTION ="" GROUP ="INPUT" NAME ="COLLEGE_STATE" PICTURETEXT ="" PORTTYPE ="INPUT" PRECISION ="30" SCALE ="0"/>
            <TRANSFORMFIELD DATATYPE ="decimal" DEFAULTVALUE ="" DESCRIPTION ="" GROUP ="INPUT" NAME ="o_COLLEGE_ZIP" PICTURETEXT ="" PORTTYPE ="INPUT" PRECISION ="7" SCALE ="0"/>
            <TRANSFORMFIELD DATATYPE ="string" DEFAULTVALUE ="" DESCRIPTION ="" GROUP ="INPUT" NAME ="o_COLLEGE_PHONE" PICTURETEXT ="" PORTTYPE ="INPUT" PRECISION ="13" SCALE ="0"/>
            <TRANSFORMFIELD DATATYPE ="string" DEFAULTVALUE ="" DESCRIPTION ="" GROUP ="INPUT" NAME ="o_new_record" PICTURETEXT ="" PORTTYPE ="INPUT" PRECISION ="10" SCALE ="0"/>
            <TRANSFORMFIELD DATATYPE ="string" DEFAULTVALUE ="" DESCRIPTION ="" GROUP ="INPUT" NAME ="o_updated_record" PICTURETEXT ="" PORTTYPE ="INPUT" PRECISION ="10" SCALE ="0"/>
            <TRANSFORMFIELD DATATYPE ="decimal" DEFAULTVALUE ="" DESCRIPTION ="" GROUP ="NEW_RECORD" NAME ="COLLEGE_CODE1" PICTURETEXT ="" PORTTYPE ="OUTPUT" PRECISION ="9" REF_FIELD ="COLLEGE_CODE" SCALE ="0"/>
            <TRANSFORMFIELD DATATYPE ="string" DEFAULTVALUE ="" DESCRIPTION ="" GROUP ="NEW_RECORD" NAME ="COLLEGE_NAME1" PICTURETEXT ="" PORTTYPE ="OUTPUT" PRECISION ="25" REF_FIELD ="COLLEGE_NAME" SCALE ="0"/>
            <TRANSFORMFIELD DATATYPE ="string" DEFAULTVALUE ="" DESCRIPTION ="" GROUP ="NEW_RECORD" NAME ="COLLEGE_STREET1" PICTURETEXT ="" PORTTYPE ="OUTPUT" PRECISION ="30" REF_FIELD ="COLLEGE_STREET" SCALE ="0"/>
            <TRANSFORMFIELD DATATYPE ="string" DEFAULTVALUE ="" DESCRIPTION ="" GROUP ="NEW_RECORD" NAME ="COLLEGE_CITY1" PICTURETEXT ="" PORTTYPE ="OUTPUT" PRECISION ="30" REF_FIELD ="COLLEGE_CITY" SCALE ="0"/>
            <TRANSFORMFIELD DATATYPE ="string" DEFAULTVALUE ="" DESCRIPTION ="" GROUP ="NEW_RECORD" NAME ="COLLEGE_STATE1" PICTURETEXT ="" PORTTYPE ="OUTPUT" PRECISION ="30" REF_FIELD ="COLLEGE_STATE" SCALE ="0"/>
            <TRANSFORMFIELD DATATYPE ="decimal" DEFAULTVALUE ="" DESCRIPTION ="" GROUP ="NEW_RECORD" NAME ="o_COLLEGE_ZIP1" PICTURETEXT ="" PORTTYPE ="OUTPUT" PRECISION ="7" REF_FIELD ="o_COLLEGE_ZIP" SCALE ="0"/>
            <TRANSFORMFIELD DATATYPE ="string" DEFAULTVALUE ="" DESCRIPTION ="" GROUP ="NEW_RECORD" NAME ="o_COLLEGE_PHONE1" PICTURETEXT ="" PORTTYPE ="OUTPUT" PRECISION ="13" REF_FIELD ="o_COLLEGE_PHONE" SCALE ="0"/>
            <TRANSFORMFIELD DATATYPE ="string" DEFAULTVALUE ="" DESCRIPTION ="" GROUP ="NEW_RECORD" NAME ="o_new_record1" PICTURETEXT ="" PORTTYPE ="OUTPUT" PRECISION ="10" REF_FIELD ="o_new_record" SCALE ="0"/>
            <TRANSFORMFIELD DATATYPE ="string" DEFAULTVALUE ="" DESCRIPTION ="" GROUP ="NEW_RECORD" NAME ="o_updated_record1" PICTURETEXT ="" PORTTYPE ="OUTPUT" PRECISION ="10" REF_FIELD ="o_updated_record" SCALE ="0"/>
            <TRANSFORMFIELD DATATYPE ="decimal" DEFAULTVALUE ="" DESCRIPTION ="" GROUP ="UPDATED_RECORD" NAME ="COLLEGE_CODE3" PICTURETEXT ="" PORTTYPE ="OUTPUT" PRECISION ="9" REF_FIELD ="COLLEGE_CODE" SCALE ="0"/>
            <TRANSFORMFIELD DATATYPE ="string" DEFAULTVALUE ="" DESCRIPTION ="" GROUP ="UPDATED_RECORD" NAME ="COLLEGE_NAME3" PICTURETEXT ="" PORTTYPE ="OUTPUT" PRECISION ="25" REF_FIELD ="COLLEGE_NAME" SCALE ="0"/>
            <TRANSFORMFIELD DATATYPE ="string" DEFAULTVALUE ="" DESCRIPTION ="" GROUP ="UPDATED_RECORD" NAME ="COLLEGE_STREET3" PICTURETEXT ="" PORTTYPE ="OUTPUT" PRECISION ="30" REF_FIELD ="COLLEGE_STREET" SCALE ="0"/>
            <TRANSFORMFIELD DATATYPE ="string" DEFAULTVALUE ="" DESCRIPTION ="" GROUP ="UPDATED_RECORD" NAME ="COLLEGE_CITY3" PICTURETEXT ="" PORTTYPE ="OUTPUT" PRECISION ="30" REF_FIELD ="COLLEGE_CITY" SCALE ="0"/>
            <TRANSFORMFIELD DATATYPE ="string" DEFAULTVALUE ="" DESCRIPTION ="" GROUP ="UPDATED_RECORD" NAME ="COLLEGE_STATE3" PICTURETEXT ="" PORTTYPE ="OUTPUT" PRECISION ="30" REF_FIELD ="COLLEGE_STATE" SCALE ="0"/>
            <TRANSFORMFIELD DATATYPE ="decimal" DEFAULTVALUE ="" DESCRIPTION ="" GROUP ="UPDATED_RECORD" NAME ="o_COLLEGE_ZIP3" PICTURETEXT ="" PORTTYPE ="OUTPUT" PRECISION ="7" REF_FIELD ="o_COLLEGE_ZIP" SCALE ="0"/>
            <TRANSFORMFIELD DATATYPE ="string" DEFAULTVALUE ="" DESCRIPTION ="" GROUP ="UPDATED_RECORD" NAME ="o_COLLEGE_PHONE3" PICTURETEXT ="" PORTTYPE ="OUTPUT" PRECISION ="13" REF_FIELD ="o_COLLEGE_PHONE" SCALE ="0"/>
            <TRANSFORMFIELD DATATYPE ="string" DEFAULTVALUE ="" DESCRIPTION ="" GROUP ="UPDATED_RECORD" NAME ="o_new_record3" PICTURETEXT ="" PORTTYPE ="OUTPUT" PRECISION ="10" REF_FIELD ="o_new_record" SCALE ="0"/>
            <TRANSFORMFIELD DATATYPE ="string" DEFAULTVALUE ="" DESCRIPTION ="" GROUP ="UPDATED_RECORD" NAME ="o_updated_record3" PICTURETEXT ="" PORTTYPE ="OUTPUT" PRECISION ="10" REF_FIELD ="o_updated_record" SCALE ="0"/>
            <TRANSFORMFIELD DATATYPE ="decimal" DEFAULTVALUE ="" DESCRIPTION ="" GROUP ="DEFAULT1" NAME ="COLLEGE_CODE2" PICTURETEXT ="" PORTTYPE ="OUTPUT" PRECISION ="9" REF_FIELD ="COLLEGE_CODE" SCALE ="0"/>
            <TRANSFORMFIELD DATATYPE ="string" DEFAULTVALUE ="" DESCRIPTION ="" GROUP ="DEFAULT1" NAME ="COLLEGE_NAME2" PICTURETEXT ="" PORTTYPE ="OUTPUT" PRECISION ="25" REF_FIELD ="COLLEGE_NAME" SCALE ="0"/>
            <TRANSFORMFIELD DATATYPE ="string" DEFAULTVALUE ="" DESCRIPTION ="" GROUP ="DEFAULT1" NAME ="COLLEGE_STREET2" PICTURETEXT ="" PORTTYPE ="OUTPUT" PRECISION ="30" REF_FIELD ="COLLEGE_STREET" SCALE ="0"/>
            <TRANSFORMFIELD DATATYPE ="string" DEFAULTVALUE ="" DESCRIPTION ="" GROUP ="DEFAULT1" NAME ="COLLEGE_CITY2" PICTURETEXT ="" PORTTYPE ="OUTPUT" PRECISION ="30" REF_FIELD ="COLLEGE_CITY" SCALE ="0"/>
            <TRANSFORMFIELD DATATYPE ="string" DEFAULTVALUE ="" DESCRIPTION ="" GROUP ="DEFAULT1" NAME ="COLLEGE_STATE2" PICTURETEXT ="" PORTTYPE ="OUTPUT" PRECISION ="30" REF_FIELD ="COLLEGE_STATE" SCALE ="0"/>
            <TRANSFORMFIELD DATATYPE ="decimal" DEFAULTVALUE ="" DESCRIPTION ="" GROUP ="DEFAULT1" NAME ="o_COLLEGE_ZIP2" PICTURETEXT ="" PORTTYPE ="OUTPUT" PRECISION ="7" REF_FIELD ="o_COLLEGE_ZIP" SCALE ="0"/>
            <TRANSFORMFIELD DATATYPE ="string" DEFAULTVALUE ="" DESCRIPTION ="" GROUP ="DEFAULT1" NAME ="o_COLLEGE_PHONE2" PICTURETEXT ="" PORTTYPE ="OUTPUT" PRECISION ="13" REF_FIELD ="o_COLLEGE_PHONE" SCALE ="0"/>
            <TRANSFORMFIELD DATATYPE ="string" DEFAULTVALUE ="" DESCRIPTION ="" GROUP ="DEFAULT1" NAME ="o_new_record2" PICTURETEXT ="" PORTTYPE ="OUTPUT" PRECISION ="10" REF_FIELD ="o_new_record" SCALE ="0"/>
            <TRANSFORMFIELD DATATYPE ="string" DEFAULTVALUE ="" DESCRIPTION ="" GROUP ="DEFAULT1" NAME ="o_updated_record2" PICTURETEXT ="" PORTTYPE ="OUTPUT" PRECISION ="10" REF_FIELD ="o_updated_record" SCALE ="0"/>
            <TABLEATTRIBUTE NAME ="Tracing Level" VALUE ="Normal"/>
        </TRANSFORMATION>
        <TRANSFORMATION DESCRIPTION ="" NAME ="SQ_CDW_UAS_COLLEGE" OBJECTVERSION ="1" REUSABLE ="NO" TYPE ="Source Qualifier" VERSIONNUMBER ="1">
            <TRANSFORMFIELD DATATYPE ="decimal" DEFAULTVALUE ="" DESCRIPTION ="" NAME ="COLLEGE_CODE" PICTURETEXT ="" PORTTYPE ="INPUT/OUTPUT" PRECISION ="9" SCALE ="0"/>
            <TRANSFORMFIELD DATATYPE ="string" DEFAULTVALUE ="" DESCRIPTION ="" NAME ="COLLEGE_NAME" PICTURETEXT ="" PORTTYPE ="INPUT/OUTPUT" PRECISION ="25" SCALE ="0"/>
            <TRANSFORMFIELD DATATYPE ="string" DEFAULTVALUE ="" DESCRIPTION ="" NAME ="COLLEGE_STREET" PICTURETEXT ="" PORTTYPE ="INPUT/OUTPUT" PRECISION ="30" SCALE ="0"/>
            <TRANSFORMFIELD DATATYPE ="string" DEFAULTVALUE ="" DESCRIPTION ="" NAME ="COLLEGE_CITY" PICTURETEXT ="" PORTTYPE ="INPUT/OUTPUT" PRECISION ="7" SCALE ="0"/>
            <TRANSFORMFIELD DATATYPE ="string" DEFAULTVALUE ="" DESCRIPTION ="" NAME ="COLLEGE_STATE" PICTURETEXT ="" PORTTYPE ="INPUT/OUTPUT" PRECISION ="19" SCALE ="0"/>
            <TRANSFORMFIELD DATATYPE ="decimal" DEFAULTVALUE ="" DESCRIPTION ="" NAME ="COLLEGE_ZIP" PICTURETEXT ="" PORTTYPE ="INPUT/OUTPUT" PRECISION ="7" SCALE ="0"/>
            <TRANSFORMFIELD DATATYPE ="string" DEFAULTVALUE ="" DESCRIPTION ="" NAME ="COLLEGE_PHONE" PICTURETEXT ="" PORTTYPE ="INPUT/OUTPUT" PRECISION ="10" SCALE ="0"/>
            <TABLEATTRIBUTE NAME ="Sql Query" VALUE =""/>
            <TABLEATTRIBUTE NAME ="User Defined Join" VALUE =""/>
            <TABLEATTRIBUTE NAME ="Source Filter" VALUE =""/>
            <TABLEATTRIBUTE NAME ="Number Of Sorted Ports" VALUE ="0"/>
            <TABLEATTRIBUTE NAME ="Tracing Level" VALUE ="Normal"/>
            <TABLEATTRIBUTE NAME ="Is Partitionable" VALUE ="NO"/>
            <TABLEATTRIBUTE NAME ="Pre SQL" VALUE =""/>
            <TABLEATTRIBUTE NAME ="Post SQL" VALUE =""/>
            <TABLEATTRIBUTE NAME ="Output is deterministic" VALUE ="NO"/>
            <TABLEATTRIBUTE NAME ="Output is repeatable" VALUE ="Never"/>
        </TRANSFORMATION>
        <TRANSFORMATION DESCRIPTION ="" NAME ="exp_CDW_UAS_D_COLLEGE" OBJECTVERSION ="1" REUSABLE ="NO" TYPE ="Expression" VERSIONNUMBER ="1">
            <TRANSFORMFIELD DATATYPE ="decimal" DEFAULTVALUE ="" DESCRIPTION ="" EXPRESSION ="COLLEGE_CODE" EXPRESSIONTYPE ="GENERAL" NAME ="COLLEGE_CODE" PICTURETEXT ="" PORTTYPE ="INPUT/OUTPUT" PRECISION ="9" SCALE ="0"/>
            <TRANSFORMFIELD DATATYPE ="string" DEFAULTVALUE ="" DESCRIPTION ="" EXPRESSION ="COLLEGE_NAME" EXPRESSIONTYPE ="GENERAL" NAME ="COLLEGE_NAME" PICTURETEXT ="" PORTTYPE ="INPUT/OUTPUT" PRECISION ="25" SCALE ="0"/>
            <TRANSFORMFIELD DATATYPE ="string" DEFAULTVALUE ="" DESCRIPTION ="" EXPRESSION ="COLLEGE_STREET" EXPRESSIONTYPE ="GENERAL" NAME ="COLLEGE_STREET" PICTURETEXT ="" PORTTYPE ="INPUT/OUTPUT" PRECISION ="30" SCALE ="0"/>
            <TRANSFORMFIELD DATATYPE ="string" DEFAULTVALUE ="" DESCRIPTION ="" EXPRESSION ="COLLEGE_CITY" EXPRESSIONTYPE ="GENERAL" NAME ="COLLEGE_CITY" PICTURETEXT ="" PORTTYPE ="INPUT/OUTPUT" PRECISION ="30" SCALE ="0"/>
            <TRANSFORMFIELD DATATYPE ="string" DEFAULTVALUE ="" DESCRIPTION ="" EXPRESSION ="COLLEGE_STATE" EXPRESSIONTYPE ="GENERAL" NAME ="COLLEGE_STATE" PICTURETEXT ="" PORTTYPE ="INPUT/OUTPUT" PRECISION ="30" SCALE ="0"/>
            <TRANSFORMFIELD DATATYPE ="decimal" DEFAULTVALUE ="" DESCRIPTION ="" NAME ="COLLEGE_ZIP" PICTURETEXT ="" PORTTYPE ="INPUT" PRECISION ="7" SCALE ="0"/>
            <TRANSFORMFIELD DATATYPE ="decimal" DEFAULTVALUE ="" DESCRIPTION ="" EXPRESSION ="IIF(ISNULL(COLLEGE_ZIP),999999,COLLEGE_ZIP)&#xD;&#xA;&#xD;&#xA;" EXPRESSIONTYPE ="GENERAL" NAME ="v_COLLEGE_ZIP" PICTURETEXT ="" PORTTYPE ="LOCAL VARIABLE" PRECISION ="7" SCALE ="0"/>
            <TRANSFORMFIELD DATATYPE ="decimal" DEFAULTVALUE ="ERROR(&apos;transformation error&apos;)" DESCRIPTION ="" EXPRESSION ="v_COLLEGE_ZIP" EXPRESSIONTYPE ="GENERAL" NAME ="o_COLLEGE_ZIP" PICTURETEXT ="" PORTTYPE ="OUTPUT" PRECISION ="7" SCALE ="0"/>
            <TRANSFORMFIELD DATATYPE ="string" DEFAULTVALUE ="" DESCRIPTION ="" NAME ="COLLEGE_PHONE" PICTURETEXT ="" PORTTYPE ="INPUT" PRECISION ="10" SCALE ="0"/>
            <TRANSFORMFIELD DATATYPE ="string" DEFAULTVALUE ="" DESCRIPTION ="" EXPRESSION ="&apos;(&apos;||SUBSTR(COLLEGE_PHONE,1,3)||&apos;)&apos;||SUBSTR(COLLEGE_PHONE,4,3)||&apos;-&apos;||SUBSTR(COLLEGE_PHONE,7,4)&#xD;&#xA;&#xD;&#xA;" EXPRESSIONTYPE ="GENERAL" NAME ="v_COLLEGE_PHONE" PICTURETEXT ="" PORTTYPE ="LOCAL VARIABLE" PRECISION ="13" SCALE ="0"/>
            <TRANSFORMFIELD DATATYPE ="string" DEFAULTVALUE ="ERROR(&apos;transformation error&apos;)" DESCRIPTION ="" EXPRESSION ="v_COLLEGE_PHONE" EXPRESSIONTYPE ="GENERAL" NAME ="o_COLLEGE_PHONE" PICTURETEXT ="" PORTTYPE ="OUTPUT" PRECISION ="13" SCALE ="0"/>
            <TRANSFORMFIELD DATATYPE ="decimal" DEFAULTVALUE ="" DESCRIPTION ="" NAME ="lkp_COLLEGE_CODE1" PICTURETEXT ="" PORTTYPE ="INPUT" PRECISION ="9" SCALE ="0"/>
            <TRANSFORMFIELD DATATYPE ="nstring" DEFAULTVALUE ="" DESCRIPTION ="" NAME ="lkp_COLLEGE_NAME1" PICTURETEXT ="" PORTTYPE ="INPUT" PRECISION ="25" SCALE ="0"/>
            <TRANSFORMFIELD DATATYPE ="nstring" DEFAULTVALUE ="" DESCRIPTION ="" NAME ="lkp_COLLEGE_STREET1" PICTURETEXT ="" PORTTYPE ="INPUT" PRECISION ="30" SCALE ="0"/>
            <TRANSFORMFIELD DATATYPE ="nstring" DEFAULTVALUE ="" DESCRIPTION ="" NAME ="lkp_COLLEGE_CITY1" PICTURETEXT ="" PORTTYPE ="INPUT" PRECISION ="30" SCALE ="0"/>
            <TRANSFORMFIELD DATATYPE ="nstring" DEFAULTVALUE ="" DESCRIPTION ="" NAME ="lkp_COLLEGE_STATE1" PICTURETEXT ="" PORTTYPE ="INPUT" PRECISION ="30" SCALE ="0"/>
            <TRANSFORMFIELD DATATYPE ="decimal" DEFAULTVALUE ="" DESCRIPTION ="" NAME ="lkp_COLLEGE_ZIP1" PICTURETEXT ="" PORTTYPE ="INPUT" PRECISION ="7" SCALE ="0"/>
            <TRANSFORMFIELD DATATYPE ="nstring" DEFAULTVALUE ="" DESCRIPTION ="" NAME ="lkp_COLLEGE_PHONE1" PICTURETEXT ="" PORTTYPE ="INPUT" PRECISION ="13" SCALE ="0"/>
            <TRANSFORMFIELD DATATYPE ="string" DEFAULTVALUE ="ERROR(&apos;transformation error&apos;)" DESCRIPTION ="" EXPRESSION ="IIF(ISNULL(lkp_COLLEGE_CODE1),true,false)&#xD;&#xA;&#xD;&#xA;" EXPRESSIONTYPE ="GENERAL" NAME ="o_new_record" PICTURETEXT ="" PORTTYPE ="OUTPUT" PRECISION ="10" SCALE ="0"/>
            <TRANSFORMFIELD DATATYPE ="string" DEFAULTVALUE ="ERROR(&apos;transformation error&apos;)" DESCRIPTION ="" EXPRESSION ="IIF(COLLEGE_CODE = lkp_COLLEGE_CODE1 AND COLLEGE_NAME != lkp_COLLEGE_NAME1 OR COLLEGE_STREET != lkp_COLLEGE_STREET1 OR COLLEGE_CITY != lkp_COLLEGE_CITY1 OR COLLEGE_STATE != lkp_COLLEGE_STATE1 OR v_COLLEGE_ZIP != lkp_COLLEGE_ZIP1 OR v_COLLEGE_PHONE != lkp_COLLEGE_PHONE1,true,false)&#xD;&#xA;&#xD;&#xA;" EXPRESSIONTYPE ="GENERAL" NAME ="o_updated_record" PICTURETEXT ="" PORTTYPE ="OUTPUT" PRECISION ="10" SCALE ="0"/>
            <TABLEATTRIBUTE NAME ="Tracing Level" VALUE ="Normal"/>
        </TRANSFORMATION>
        <TRANSFORMATION DESCRIPTION ="" NAME ="upd_CDW_UAS_D_COLLEGE" OBJECTVERSION ="1" REUSABLE ="NO" TYPE ="Update Strategy" VERSIONNUMBER ="1">
            <TRANSFORMFIELD DATATYPE ="decimal" DEFAULTVALUE ="" DESCRIPTION ="" NAME ="COLLEGE_CODE3" PICTURETEXT ="" PORTTYPE ="INPUT/OUTPUT" PRECISION ="9" SCALE ="0"/>
            <TRANSFORMFIELD DATATYPE ="string" DEFAULTVALUE ="" DESCRIPTION ="" NAME ="COLLEGE_NAME3" PICTURETEXT ="" PORTTYPE ="INPUT/OUTPUT" PRECISION ="25" SCALE ="0"/>
            <TRANSFORMFIELD DATATYPE ="string" DEFAULTVALUE ="" DESCRIPTION ="" NAME ="COLLEGE_STREET3" PICTURETEXT ="" PORTTYPE ="INPUT/OUTPUT" PRECISION ="30" SCALE ="0"/>
            <TRANSFORMFIELD DATATYPE ="string" DEFAULTVALUE ="" DESCRIPTION ="" NAME ="COLLEGE_CITY3" PICTURETEXT ="" PORTTYPE ="INPUT/OUTPUT" PRECISION ="30" SCALE ="0"/>
            <TRANSFORMFIELD DATATYPE ="string" DEFAULTVALUE ="" DESCRIPTION ="" NAME ="COLLEGE_STATE3" PICTURETEXT ="" PORTTYPE ="INPUT/OUTPUT" PRECISION ="30" SCALE ="0"/>
            <TRANSFORMFIELD DATATYPE ="decimal" DEFAULTVALUE ="" DESCRIPTION ="" NAME ="o_COLLEGE_ZIP3" PICTURETEXT ="" PORTTYPE ="INPUT/OUTPUT" PRECISION ="7" SCALE ="0"/>
            <TRANSFORMFIELD DATATYPE ="string" DEFAULTVALUE ="" DESCRIPTION ="" NAME ="o_COLLEGE_PHONE3" PICTURETEXT ="" PORTTYPE ="INPUT/OUTPUT" PRECISION ="13" SCALE ="0"/>
            <TABLEATTRIBUTE NAME ="Update Strategy Expression" VALUE ="dd_update"/>
            <TABLEATTRIBUTE NAME ="Forward Rejected Rows" VALUE ="YES"/>
            <TABLEATTRIBUTE NAME ="Tracing Level" VALUE ="Normal"/>
        </TRANSFORMATION>
        <TRANSFORMATION DESCRIPTION ="" NAME ="srt_CDW_UAS_D_COLLEGE" OBJECTVERSION ="1" REUSABLE ="NO" TYPE ="Sorter" VERSIONNUMBER ="1">
            <TRANSFORMFIELD DATATYPE ="decimal" DEFAULTVALUE ="" DESCRIPTION ="" ISSORTKEY ="YES" NAME ="COLLEGE_CODE" PICTURETEXT ="" PORTTYPE ="INPUT/OUTPUT" PRECISION ="9" SCALE ="0" SORTDIRECTION ="ASCENDING"/>
            <TRANSFORMFIELD DATATYPE ="string" DEFAULTVALUE ="" DESCRIPTION ="" ISSORTKEY ="NO" NAME ="COLLEGE_NAME" PICTURETEXT ="" PORTTYPE ="INPUT/OUTPUT" PRECISION ="25" SCALE ="0" SORTDIRECTION ="ASCENDING"/>
            <TRANSFORMFIELD DATATYPE ="string" DEFAULTVALUE ="" DESCRIPTION ="" ISSORTKEY ="NO" NAME ="COLLEGE_STREET" PICTURETEXT ="" PORTTYPE ="INPUT/OUTPUT" PRECISION ="30" SCALE ="0" SORTDIRECTION ="ASCENDING"/>
            <TRANSFORMFIELD DATATYPE ="string" DEFAULTVALUE ="" DESCRIPTION ="" ISSORTKEY ="NO" NAME ="COLLEGE_CITY" PICTURETEXT ="" PORTTYPE ="INPUT/OUTPUT" PRECISION ="30" SCALE ="0" SORTDIRECTION ="ASCENDING"/>
            <TRANSFORMFIELD DATATYPE ="string" DEFAULTVALUE ="" DESCRIPTION ="" ISSORTKEY ="NO" NAME ="COLLEGE_STATE" PICTURETEXT ="" PORTTYPE ="INPUT/OUTPUT" PRECISION ="30" SCALE ="0" SORTDIRECTION ="ASCENDING"/>
            <TRANSFORMFIELD DATATYPE ="decimal" DEFAULTVALUE ="" DESCRIPTION ="" ISSORTKEY ="NO" NAME ="COLLEGE_ZIP" PICTURETEXT ="" PORTTYPE ="INPUT/OUTPUT" PRECISION ="7" SCALE ="0" SORTDIRECTION ="ASCENDING"/>
            <TRANSFORMFIELD DATATYPE ="string" DEFAULTVALUE ="" DESCRIPTION ="" ISSORTKEY ="NO" NAME ="COLLEGE_PHONE" PICTURETEXT ="" PORTTYPE ="INPUT/OUTPUT" PRECISION ="10" SCALE ="0" SORTDIRECTION ="ASCENDING"/>
            <TABLEATTRIBUTE NAME ="Sorter Cache Size" VALUE ="Auto"/>
            <TABLEATTRIBUTE NAME ="Case Sensitive" VALUE ="YES"/>
            <TABLEATTRIBUTE NAME ="Work Directory" VALUE ="$PMTempDir"/>
            <TABLEATTRIBUTE NAME ="Distinct" VALUE ="NO"/>
            <TABLEATTRIBUTE NAME ="Tracing Level" VALUE ="Normal"/>
            <TABLEATTRIBUTE NAME ="Null Treated Low" VALUE ="NO"/>
            <TABLEATTRIBUTE NAME ="Merge Only" VALUE ="NO"/>
            <TABLEATTRIBUTE NAME ="Partitioning" VALUE ="Order records for individual partitions"/>
            <TABLEATTRIBUTE NAME ="Transformation Scope" VALUE ="All Input"/>
        </TRANSFORMATION>
        <TRANSFORMATION DESCRIPTION ="" NAME ="lkp_CDW_UAS_D_COLLEGE" OBJECTVERSION ="1" REUSABLE ="NO" TYPE ="Lookup Procedure" VERSIONNUMBER ="1">
            <TRANSFORMFIELD DATATYPE ="decimal" DEFAULTVALUE ="" DESCRIPTION ="" NAME ="COLLEGE_CODE" PICTURETEXT ="" PORTTYPE ="LOOKUP/OUTPUT" PRECISION ="9" SCALE ="0"/>
            <TRANSFORMFIELD DATATYPE ="nstring" DEFAULTVALUE ="" DESCRIPTION ="" NAME ="COLLEGE_NAME" PICTURETEXT ="" PORTTYPE ="LOOKUP/OUTPUT" PRECISION ="25" SCALE ="0"/>
            <TRANSFORMFIELD DATATYPE ="nstring" DEFAULTVALUE ="" DESCRIPTION ="" NAME ="COLLEGE_STREET" PICTURETEXT ="" PORTTYPE ="LOOKUP/OUTPUT" PRECISION ="30" SCALE ="0"/>
            <TRANSFORMFIELD DATATYPE ="nstring" DEFAULTVALUE ="" DESCRIPTION ="" NAME ="COLLEGE_CITY" PICTURETEXT ="" PORTTYPE ="LOOKUP/OUTPUT" PRECISION ="30" SCALE ="0"/>
            <TRANSFORMFIELD DATATYPE ="nstring" DEFAULTVALUE ="" DESCRIPTION ="" NAME ="COLLEGE_STATE" PICTURETEXT ="" PORTTYPE ="LOOKUP/OUTPUT" PRECISION ="30" SCALE ="0"/>
            <TRANSFORMFIELD DATATYPE ="decimal" DEFAULTVALUE ="" DESCRIPTION ="" NAME ="COLLEGE_ZIP" PICTURETEXT ="" PORTTYPE ="LOOKUP/OUTPUT" PRECISION ="7" SCALE ="0"/>
            <TRANSFORMFIELD DATATYPE ="nstring" DEFAULTVALUE ="" DESCRIPTION ="" NAME ="COLLEGE_PHONE" PICTURETEXT ="" PORTTYPE ="LOOKUP/OUTPUT" PRECISION ="13" SCALE ="0"/>
            <TRANSFORMFIELD DATATYPE ="decimal" DEFAULTVALUE ="" DESCRIPTION ="" NAME ="COLLEGE_CODE1" PICTURETEXT ="" PORTTYPE ="INPUT/OUTPUT" PRECISION ="9" SCALE ="0"/>
            <TABLEATTRIBUTE NAME ="Lookup Sql Override" VALUE =""/>
            <TABLEATTRIBUTE NAME ="Lookup table name" VALUE ="CDW_UAS_D_COLLEGE"/>
            <TABLEATTRIBUTE NAME ="Lookup Source Filter" VALUE =""/>
            <TABLEATTRIBUTE NAME ="Lookup caching enabled" VALUE ="YES"/>
            <TABLEATTRIBUTE NAME ="Lookup policy on multiple match" VALUE ="Use Any Value"/>
            <TABLEATTRIBUTE NAME ="Lookup condition" VALUE ="COLLEGE_CODE = COLLEGE_CODE1"/>
            <TABLEATTRIBUTE NAME ="Connection Information" VALUE ="Oracle_POC"/>
            <TABLEATTRIBUTE NAME ="Source Type" VALUE ="Database"/>
            <TABLEATTRIBUTE NAME ="Recache if Stale" VALUE ="NO"/>
            <TABLEATTRIBUTE NAME ="Tracing Level" VALUE ="Normal"/>
            <TABLEATTRIBUTE NAME ="Lookup cache directory name" VALUE ="$PMCacheDir"/>
            <TABLEATTRIBUTE NAME ="Lookup cache initialize" VALUE ="NO"/>
            <TABLEATTRIBUTE NAME ="Lookup cache persistent" VALUE ="NO"/>
            <TABLEATTRIBUTE NAME ="Lookup Data Cache Size" VALUE ="Auto"/>
            <TABLEATTRIBUTE NAME ="Lookup Index Cache Size" VALUE ="Auto"/>
            <TABLEATTRIBUTE NAME ="Dynamic Lookup Cache" VALUE ="NO"/>
            <TABLEATTRIBUTE NAME ="Synchronize Dynamic Cache" VALUE ="NO"/>
            <TABLEATTRIBUTE NAME ="Output Old Value On Update" VALUE ="NO"/>
            <TABLEATTRIBUTE NAME ="Update Dynamic Cache Condition" VALUE ="TRUE"/>
            <TABLEATTRIBUTE NAME ="Cache File Name Prefix" VALUE =""/>
            <TABLEATTRIBUTE NAME ="Re-cache from lookup source" VALUE ="NO"/>
            <TABLEATTRIBUTE NAME ="Insert Else Update" VALUE ="NO"/>
            <TABLEATTRIBUTE NAME ="Update Else Insert" VALUE ="NO"/>
            <TABLEATTRIBUTE NAME ="Datetime Format" VALUE =""/>
            <TABLEATTRIBUTE NAME ="Thousand Separator" VALUE ="None"/>
            <TABLEATTRIBUTE NAME ="Decimal Separator" VALUE ="."/>
            <TABLEATTRIBUTE NAME ="Case Sensitive String Comparison" VALUE ="NO"/>
            <TABLEATTRIBUTE NAME ="Null ordering" VALUE ="Null Is Highest Value"/>
            <TABLEATTRIBUTE NAME ="Sorted Input" VALUE ="NO"/>
            <TABLEATTRIBUTE NAME ="Lookup source is static" VALUE ="NO"/>
            <TABLEATTRIBUTE NAME ="Pre-build lookup cache" VALUE ="Auto"/>
            <TABLEATTRIBUTE NAME ="Subsecond Precision" VALUE ="6"/>
        </TRANSFORMATION>
        <INSTANCE DESCRIPTION ="" NAME ="CDW_UAS_D_COLLEGE" TRANSFORMATION_NAME ="CDW_UAS_D_COLLEGE" TRANSFORMATION_TYPE ="Target Definition" TYPE ="TARGET"/>
        <INSTANCE DESCRIPTION ="" NAME ="CDW_UAS_D_COLLEGE1" TRANSFORMATION_NAME ="CDW_UAS_D_COLLEGE" TRANSFORMATION_TYPE ="Target Definition" TYPE ="TARGET"/>
        <INSTANCE DBDNAME ="FlatFile" DESCRIPTION ="" NAME ="CDW_UAS_COLLEGE1" TRANSFORMATION_NAME ="CDW_UAS_COLLEGE1" TRANSFORMATION_TYPE ="Source Definition" TYPE ="SOURCE"/>
        <INSTANCE DESCRIPTION ="" NAME ="rtr_CDW_UAS_D_COLLEGE" REUSABLE ="NO" TRANSFORMATION_NAME ="rtr_CDW_UAS_D_COLLEGE" TRANSFORMATION_TYPE ="Router" TYPE ="TRANSFORMATION"/>
        <INSTANCE DESCRIPTION ="" NAME ="SQ_CDW_UAS_COLLEGE" REUSABLE ="NO" TRANSFORMATION_NAME ="SQ_CDW_UAS_COLLEGE" TRANSFORMATION_TYPE ="Source Qualifier" TYPE ="TRANSFORMATION">
            <ASSOCIATED_SOURCE_INSTANCE NAME ="CDW_UAS_COLLEGE1"/>
        </INSTANCE>
        <INSTANCE DESCRIPTION ="" NAME ="exp_CDW_UAS_D_COLLEGE" REUSABLE ="NO" TRANSFORMATION_NAME ="exp_CDW_UAS_D_COLLEGE" TRANSFORMATION_TYPE ="Expression" TYPE ="TRANSFORMATION"/>
        <INSTANCE DESCRIPTION ="" NAME ="upd_CDW_UAS_D_COLLEGE" REUSABLE ="NO" TRANSFORMATION_NAME ="upd_CDW_UAS_D_COLLEGE" TRANSFORMATION_TYPE ="Update Strategy" TYPE ="TRANSFORMATION"/>
        <INSTANCE DESCRIPTION ="" NAME ="srt_CDW_UAS_D_COLLEGE" REUSABLE ="NO" TRANSFORMATION_NAME ="srt_CDW_UAS_D_COLLEGE" TRANSFORMATION_TYPE ="Sorter" TYPE ="TRANSFORMATION"/>
        <INSTANCE DESCRIPTION ="" NAME ="lkp_CDW_UAS_D_COLLEGE" REUSABLE ="NO" TRANSFORMATION_NAME ="lkp_CDW_UAS_D_COLLEGE" TRANSFORMATION_TYPE ="Lookup Procedure" TYPE ="TRANSFORMATION"/>
        <CONNECTOR FROMFIELD ="COLLEGE_CODE1" FROMINSTANCE ="rtr_CDW_UAS_D_COLLEGE" FROMINSTANCETYPE ="Router" TOFIELD ="COLLEGE_CODE" TOINSTANCE ="CDW_UAS_D_COLLEGE" TOINSTANCETYPE ="Target Definition"/>
        <CONNECTOR FROMFIELD ="COLLEGE_NAME1" FROMINSTANCE ="rtr_CDW_UAS_D_COLLEGE" FROMINSTANCETYPE ="Router" TOFIELD ="COLLEGE_NAME" TOINSTANCE ="CDW_UAS_D_COLLEGE" TOINSTANCETYPE ="Target Definition"/>
        <CONNECTOR FROMFIELD ="COLLEGE_STREET1" FROMINSTANCE ="rtr_CDW_UAS_D_COLLEGE" FROMINSTANCETYPE ="Router" TOFIELD ="COLLEGE_STREET" TOINSTANCE ="CDW_UAS_D_COLLEGE" TOINSTANCETYPE ="Target Definition"/>
        <CONNECTOR FROMFIELD ="COLLEGE_CITY1" FROMINSTANCE ="rtr_CDW_UAS_D_COLLEGE" FROMINSTANCETYPE ="Router" TOFIELD ="COLLEGE_CITY" TOINSTANCE ="CDW_UAS_D_COLLEGE" TOINSTANCETYPE ="Target Definition"/>
        <CONNECTOR FROMFIELD ="COLLEGE_STATE1" FROMINSTANCE ="rtr_CDW_UAS_D_COLLEGE" FROMINSTANCETYPE ="Router" TOFIELD ="COLLEGE_STATE" TOINSTANCE ="CDW_UAS_D_COLLEGE" TOINSTANCETYPE ="Target Definition"/>
        <CONNECTOR FROMFIELD ="o_COLLEGE_ZIP1" FROMINSTANCE ="rtr_CDW_UAS_D_COLLEGE" FROMINSTANCETYPE ="Router" TOFIELD ="COLLEGE_ZIP" TOINSTANCE ="CDW_UAS_D_COLLEGE" TOINSTANCETYPE ="Target Definition"/>
        <CONNECTOR FROMFIELD ="o_COLLEGE_PHONE1" FROMINSTANCE ="rtr_CDW_UAS_D_COLLEGE" FROMINSTANCETYPE ="Router" TOFIELD ="COLLEGE_PHONE" TOINSTANCE ="CDW_UAS_D_COLLEGE" TOINSTANCETYPE ="Target Definition"/>
        <CONNECTOR FROMFIELD ="COLLEGE_CODE3" FROMINSTANCE ="upd_CDW_UAS_D_COLLEGE" FROMINSTANCETYPE ="Update Strategy" TOFIELD ="COLLEGE_CODE" TOINSTANCE ="CDW_UAS_D_COLLEGE1" TOINSTANCETYPE ="Target Definition"/>
        <CONNECTOR FROMFIELD ="COLLEGE_NAME3" FROMINSTANCE ="upd_CDW_UAS_D_COLLEGE" FROMINSTANCETYPE ="Update Strategy" TOFIELD ="COLLEGE_NAME" TOINSTANCE ="CDW_UAS_D_COLLEGE1" TOINSTANCETYPE ="Target Definition"/>
        <CONNECTOR FROMFIELD ="COLLEGE_STREET3" FROMINSTANCE ="upd_CDW_UAS_D_COLLEGE" FROMINSTANCETYPE ="Update Strategy" TOFIELD ="COLLEGE_STREET" TOINSTANCE ="CDW_UAS_D_COLLEGE1" TOINSTANCETYPE ="Target Definition"/>
        <CONNECTOR FROMFIELD ="COLLEGE_CITY3" FROMINSTANCE ="upd_CDW_UAS_D_COLLEGE" FROMINSTANCETYPE ="Update Strategy" TOFIELD ="COLLEGE_CITY" TOINSTANCE ="CDW_UAS_D_COLLEGE1" TOINSTANCETYPE ="Target Definition"/>
        <CONNECTOR FROMFIELD ="COLLEGE_STATE3" FROMINSTANCE ="upd_CDW_UAS_D_COLLEGE" FROMINSTANCETYPE ="Update Strategy" TOFIELD ="COLLEGE_STATE" TOINSTANCE ="CDW_UAS_D_COLLEGE1" TOINSTANCETYPE ="Target Definition"/>
        <CONNECTOR FROMFIELD ="o_COLLEGE_ZIP3" FROMINSTANCE ="upd_CDW_UAS_D_COLLEGE" FROMINSTANCETYPE ="Update Strategy" TOFIELD ="COLLEGE_ZIP" TOINSTANCE ="CDW_UAS_D_COLLEGE1" TOINSTANCETYPE ="Target Definition"/>
        <CONNECTOR FROMFIELD ="o_COLLEGE_PHONE3" FROMINSTANCE ="upd_CDW_UAS_D_COLLEGE" FROMINSTANCETYPE ="Update Strategy" TOFIELD ="COLLEGE_PHONE" TOINSTANCE ="CDW_UAS_D_COLLEGE1" TOINSTANCETYPE ="Target Definition"/>
        <CONNECTOR FROMFIELD ="College_code" FROMINSTANCE ="CDW_UAS_COLLEGE1" FROMINSTANCETYPE ="Source Definition" TOFIELD ="COLLEGE_CODE" TOINSTANCE ="SQ_CDW_UAS_COLLEGE" TOINSTANCETYPE ="Source Qualifier"/>
        <CONNECTOR FROMFIELD ="College_Name" FROMINSTANCE ="CDW_UAS_COLLEGE1" FROMINSTANCETYPE ="Source Definition" TOFIELD ="COLLEGE_NAME" TOINSTANCE ="SQ_CDW_UAS_COLLEGE" TOINSTANCETYPE ="Source Qualifier"/>
        <CONNECTOR FROMFIELD ="College_street" FROMINSTANCE ="CDW_UAS_COLLEGE1" FROMINSTANCETYPE ="Source Definition" TOFIELD ="COLLEGE_STREET" TOINSTANCE ="SQ_CDW_UAS_COLLEGE" TOINSTANCETYPE ="Source Qualifier"/>
        <CONNECTOR FROMFIELD ="College_city" FROMINSTANCE ="CDW_UAS_COLLEGE1" FROMINSTANCETYPE ="Source Definition" TOFIELD ="COLLEGE_CITY" TOINSTANCE ="SQ_CDW_UAS_COLLEGE" TOINSTANCETYPE ="Source Qualifier"/>
        <CONNECTOR FROMFIELD ="College_state" FROMINSTANCE ="CDW_UAS_COLLEGE1" FROMINSTANCETYPE ="Source Definition" TOFIELD ="COLLEGE_STATE" TOINSTANCE ="SQ_CDW_UAS_COLLEGE" TOINSTANCETYPE ="Source Qualifier"/>
        <CONNECTOR FROMFIELD ="College_Zip" FROMINSTANCE ="CDW_UAS_COLLEGE1" FROMINSTANCETYPE ="Source Definition" TOFIELD ="COLLEGE_ZIP" TOINSTANCE ="SQ_CDW_UAS_COLLEGE" TOINSTANCETYPE ="Source Qualifier"/>
        <CONNECTOR FROMFIELD ="College_Phone" FROMINSTANCE ="CDW_UAS_COLLEGE1" FROMINSTANCETYPE ="Source Definition" TOFIELD ="COLLEGE_PHONE" TOINSTANCE ="SQ_CDW_UAS_COLLEGE" TOINSTANCETYPE ="Source Qualifier"/>
        <CONNECTOR FROMFIELD ="COLLEGE_CODE3" FROMINSTANCE ="rtr_CDW_UAS_D_COLLEGE" FROMINSTANCETYPE ="Router" TOFIELD ="COLLEGE_CODE3" TOINSTANCE ="upd_CDW_UAS_D_COLLEGE" TOINSTANCETYPE ="Update Strategy"/>
        <CONNECTOR FROMFIELD ="COLLEGE_NAME3" FROMINSTANCE ="rtr_CDW_UAS_D_COLLEGE" FROMINSTANCETYPE ="Router" TOFIELD ="COLLEGE_NAME3" TOINSTANCE ="upd_CDW_UAS_D_COLLEGE" TOINSTANCETYPE ="Update Strategy"/>
        <CONNECTOR FROMFIELD ="COLLEGE_STREET3" FROMINSTANCE ="rtr_CDW_UAS_D_COLLEGE" FROMINSTANCETYPE ="Router" TOFIELD ="COLLEGE_STREET3" TOINSTANCE ="upd_CDW_UAS_D_COLLEGE" TOINSTANCETYPE ="Update Strategy"/>
        <CONNECTOR FROMFIELD ="COLLEGE_CITY3" FROMINSTANCE ="rtr_CDW_UAS_D_COLLEGE" FROMINSTANCETYPE ="Router" TOFIELD ="COLLEGE_CITY3" TOINSTANCE ="upd_CDW_UAS_D_COLLEGE" TOINSTANCETYPE ="Update Strategy"/>
        <CONNECTOR FROMFIELD ="COLLEGE_STATE3" FROMINSTANCE ="rtr_CDW_UAS_D_COLLEGE" FROMINSTANCETYPE ="Router" TOFIELD ="COLLEGE_STATE3" TOINSTANCE ="upd_CDW_UAS_D_COLLEGE" TOINSTANCETYPE ="Update Strategy"/>
        <CONNECTOR FROMFIELD ="o_COLLEGE_ZIP3" FROMINSTANCE ="rtr_CDW_UAS_D_COLLEGE" FROMINSTANCETYPE ="Router" TOFIELD ="o_COLLEGE_ZIP3" TOINSTANCE ="upd_CDW_UAS_D_COLLEGE" TOINSTANCETYPE ="Update Strategy"/>
        <CONNECTOR FROMFIELD ="o_COLLEGE_PHONE3" FROMINSTANCE ="rtr_CDW_UAS_D_COLLEGE" FROMINSTANCETYPE ="Router" TOFIELD ="o_COLLEGE_PHONE3" TOINSTANCE ="upd_CDW_UAS_D_COLLEGE" TOINSTANCETYPE ="Update Strategy"/>
        <CONNECTOR FROMFIELD ="COLLEGE_CODE" FROMINSTANCE ="exp_CDW_UAS_D_COLLEGE" FROMINSTANCETYPE ="Expression" TOFIELD ="COLLEGE_CODE" TOINSTANCE ="rtr_CDW_UAS_D_COLLEGE" TOINSTANCETYPE ="Router"/>
        <CONNECTOR FROMFIELD ="COLLEGE_NAME" FROMINSTANCE ="exp_CDW_UAS_D_COLLEGE" FROMINSTANCETYPE ="Expression" TOFIELD ="COLLEGE_NAME" TOINSTANCE ="rtr_CDW_UAS_D_COLLEGE" TOINSTANCETYPE ="Router"/>
        <CONNECTOR FROMFIELD ="COLLEGE_STREET" FROMINSTANCE ="exp_CDW_UAS_D_COLLEGE" FROMINSTANCETYPE ="Expression" TOFIELD ="COLLEGE_STREET" TOINSTANCE ="rtr_CDW_UAS_D_COLLEGE" TOINSTANCETYPE ="Router"/>
        <CONNECTOR FROMFIELD ="COLLEGE_CITY" FROMINSTANCE ="exp_CDW_UAS_D_COLLEGE" FROMINSTANCETYPE ="Expression" TOFIELD ="COLLEGE_CITY" TOINSTANCE ="rtr_CDW_UAS_D_COLLEGE" TOINSTANCETYPE ="Router"/>
        <CONNECTOR FROMFIELD ="COLLEGE_STATE" FROMINSTANCE ="exp_CDW_UAS_D_COLLEGE" FROMINSTANCETYPE ="Expression" TOFIELD ="COLLEGE_STATE" TOINSTANCE ="rtr_CDW_UAS_D_COLLEGE" TOINSTANCETYPE ="Router"/>
        <CONNECTOR FROMFIELD ="o_COLLEGE_ZIP" FROMINSTANCE ="exp_CDW_UAS_D_COLLEGE" FROMINSTANCETYPE ="Expression" TOFIELD ="o_COLLEGE_ZIP" TOINSTANCE ="rtr_CDW_UAS_D_COLLEGE" TOINSTANCETYPE ="Router"/>
        <CONNECTOR FROMFIELD ="o_COLLEGE_PHONE" FROMINSTANCE ="exp_CDW_UAS_D_COLLEGE" FROMINSTANCETYPE ="Expression" TOFIELD ="o_COLLEGE_PHONE" TOINSTANCE ="rtr_CDW_UAS_D_COLLEGE" TOINSTANCETYPE ="Router"/>
        <CONNECTOR FROMFIELD ="o_new_record" FROMINSTANCE ="exp_CDW_UAS_D_COLLEGE" FROMINSTANCETYPE ="Expression" TOFIELD ="o_new_record" TOINSTANCE ="rtr_CDW_UAS_D_COLLEGE" TOINSTANCETYPE ="Router"/>
        <CONNECTOR FROMFIELD ="o_updated_record" FROMINSTANCE ="exp_CDW_UAS_D_COLLEGE" FROMINSTANCETYPE ="Expression" TOFIELD ="o_updated_record" TOINSTANCE ="rtr_CDW_UAS_D_COLLEGE" TOINSTANCETYPE ="Router"/>
        <CONNECTOR FROMFIELD ="COLLEGE_CODE" FROMINSTANCE ="SQ_CDW_UAS_COLLEGE" FROMINSTANCETYPE ="Source Qualifier" TOFIELD ="COLLEGE_CODE" TOINSTANCE ="srt_CDW_UAS_D_COLLEGE" TOINSTANCETYPE ="Sorter"/>
        <CONNECTOR FROMFIELD ="COLLEGE_NAME" FROMINSTANCE ="SQ_CDW_UAS_COLLEGE" FROMINSTANCETYPE ="Source Qualifier" TOFIELD ="COLLEGE_NAME" TOINSTANCE ="srt_CDW_UAS_D_COLLEGE" TOINSTANCETYPE ="Sorter"/>
        <CONNECTOR FROMFIELD ="COLLEGE_STREET" FROMINSTANCE ="SQ_CDW_UAS_COLLEGE" FROMINSTANCETYPE ="Source Qualifier" TOFIELD ="COLLEGE_STREET" TOINSTANCE ="srt_CDW_UAS_D_COLLEGE" TOINSTANCETYPE ="Sorter"/>
        <CONNECTOR FROMFIELD ="COLLEGE_CITY" FROMINSTANCE ="SQ_CDW_UAS_COLLEGE" FROMINSTANCETYPE ="Source Qualifier" TOFIELD ="COLLEGE_CITY" TOINSTANCE ="srt_CDW_UAS_D_COLLEGE" TOINSTANCETYPE ="Sorter"/>
        <CONNECTOR FROMFIELD ="COLLEGE_STATE" FROMINSTANCE ="SQ_CDW_UAS_COLLEGE" FROMINSTANCETYPE ="Source Qualifier" TOFIELD ="COLLEGE_STATE" TOINSTANCE ="srt_CDW_UAS_D_COLLEGE" TOINSTANCETYPE ="Sorter"/>
        <CONNECTOR FROMFIELD ="COLLEGE_ZIP" FROMINSTANCE ="SQ_CDW_UAS_COLLEGE" FROMINSTANCETYPE ="Source Qualifier" TOFIELD ="COLLEGE_ZIP" TOINSTANCE ="srt_CDW_UAS_D_COLLEGE" TOINSTANCETYPE ="Sorter"/>
        <CONNECTOR FROMFIELD ="COLLEGE_PHONE" FROMINSTANCE ="SQ_CDW_UAS_COLLEGE" FROMINSTANCETYPE ="Source Qualifier" TOFIELD ="COLLEGE_PHONE" TOINSTANCE ="srt_CDW_UAS_D_COLLEGE" TOINSTANCETYPE ="Sorter"/>
        <CONNECTOR FROMFIELD ="COLLEGE_CODE" FROMINSTANCE ="srt_CDW_UAS_D_COLLEGE" FROMINSTANCETYPE ="Sorter" TOFIELD ="COLLEGE_CODE" TOINSTANCE ="exp_CDW_UAS_D_COLLEGE" TOINSTANCETYPE ="Expression"/>
        <CONNECTOR FROMFIELD ="COLLEGE_NAME" FROMINSTANCE ="srt_CDW_UAS_D_COLLEGE" FROMINSTANCETYPE ="Sorter" TOFIELD ="COLLEGE_NAME" TOINSTANCE ="exp_CDW_UAS_D_COLLEGE" TOINSTANCETYPE ="Expression"/>
        <CONNECTOR FROMFIELD ="COLLEGE_STREET" FROMINSTANCE ="srt_CDW_UAS_D_COLLEGE" FROMINSTANCETYPE ="Sorter" TOFIELD ="COLLEGE_STREET" TOINSTANCE ="exp_CDW_UAS_D_COLLEGE" TOINSTANCETYPE ="Expression"/>
        <CONNECTOR FROMFIELD ="COLLEGE_CITY" FROMINSTANCE ="srt_CDW_UAS_D_COLLEGE" FROMINSTANCETYPE ="Sorter" TOFIELD ="COLLEGE_CITY" TOINSTANCE ="exp_CDW_UAS_D_COLLEGE" TOINSTANCETYPE ="Expression"/>
        <CONNECTOR FROMFIELD ="COLLEGE_STATE" FROMINSTANCE ="srt_CDW_UAS_D_COLLEGE" FROMINSTANCETYPE ="Sorter" TOFIELD ="COLLEGE_STATE" TOINSTANCE ="exp_CDW_UAS_D_COLLEGE" TOINSTANCETYPE ="Expression"/>
        <CONNECTOR FROMFIELD ="COLLEGE_ZIP" FROMINSTANCE ="srt_CDW_UAS_D_COLLEGE" FROMINSTANCETYPE ="Sorter" TOFIELD ="COLLEGE_ZIP" TOINSTANCE ="exp_CDW_UAS_D_COLLEGE" TOINSTANCETYPE ="Expression"/>
        <CONNECTOR FROMFIELD ="COLLEGE_PHONE" FROMINSTANCE ="srt_CDW_UAS_D_COLLEGE" FROMINSTANCETYPE ="Sorter" TOFIELD ="COLLEGE_PHONE" TOINSTANCE ="exp_CDW_UAS_D_COLLEGE" TOINSTANCETYPE ="Expression"/>
        <CONNECTOR FROMFIELD ="COLLEGE_CODE" FROMINSTANCE ="lkp_CDW_UAS_D_COLLEGE" FROMINSTANCETYPE ="Lookup Procedure" TOFIELD ="lkp_COLLEGE_CODE1" TOINSTANCE ="exp_CDW_UAS_D_COLLEGE" TOINSTANCETYPE ="Expression"/>
        <CONNECTOR FROMFIELD ="COLLEGE_NAME" FROMINSTANCE ="lkp_CDW_UAS_D_COLLEGE" FROMINSTANCETYPE ="Lookup Procedure" TOFIELD ="lkp_COLLEGE_NAME1" TOINSTANCE ="exp_CDW_UAS_D_COLLEGE" TOINSTANCETYPE ="Expression"/>
        <CONNECTOR FROMFIELD ="COLLEGE_STREET" FROMINSTANCE ="lkp_CDW_UAS_D_COLLEGE" FROMINSTANCETYPE ="Lookup Procedure" TOFIELD ="lkp_COLLEGE_STREET1" TOINSTANCE ="exp_CDW_UAS_D_COLLEGE" TOINSTANCETYPE ="Expression"/>
        <CONNECTOR FROMFIELD ="COLLEGE_CITY" FROMINSTANCE ="lkp_CDW_UAS_D_COLLEGE" FROMINSTANCETYPE ="Lookup Procedure" TOFIELD ="lkp_COLLEGE_CITY1" TOINSTANCE ="exp_CDW_UAS_D_COLLEGE" TOINSTANCETYPE ="Expression"/>
        <CONNECTOR FROMFIELD ="COLLEGE_STATE" FROMINSTANCE ="lkp_CDW_UAS_D_COLLEGE" FROMINSTANCETYPE ="Lookup Procedure" TOFIELD ="lkp_COLLEGE_STATE1" TOINSTANCE ="exp_CDW_UAS_D_COLLEGE" TOINSTANCETYPE ="Expression"/>
        <CONNECTOR FROMFIELD ="COLLEGE_ZIP" FROMINSTANCE ="lkp_CDW_UAS_D_COLLEGE" FROMINSTANCETYPE ="Lookup Procedure" TOFIELD ="lkp_COLLEGE_ZIP1" TOINSTANCE ="exp_CDW_UAS_D_COLLEGE" TOINSTANCETYPE ="Expression"/>
        <CONNECTOR FROMFIELD ="COLLEGE_PHONE" FROMINSTANCE ="lkp_CDW_UAS_D_COLLEGE" FROMINSTANCETYPE ="Lookup Procedure" TOFIELD ="lkp_COLLEGE_PHONE1" TOINSTANCE ="exp_CDW_UAS_D_COLLEGE" TOINSTANCETYPE ="Expression"/>
        <CONNECTOR FROMFIELD ="COLLEGE_CODE" FROMINSTANCE ="srt_CDW_UAS_D_COLLEGE" FROMINSTANCETYPE ="Sorter" TOFIELD ="COLLEGE_CODE1" TOINSTANCE ="lkp_CDW_UAS_D_COLLEGE" TOINSTANCETYPE ="Lookup Procedure"/>
        <TARGETLOADORDER ORDER ="1" TARGETINSTANCE ="CDW_UAS_D_COLLEGE"/>
        <TARGETLOADORDER ORDER ="1" TARGETINSTANCE ="CDW_UAS_D_COLLEGE1"/>
        <ERPINFO/>
    </MAPPING>
</FOLDER>
</REPOSITORY>
</POWERMART>