COLLEGE_CODE,COLLEGE_NAME,COLLEGE_STREET,COLLEGE_CITY,COLLEGE_STATE,COLLEGE_ZIP,COLLEGE_PHONE
1000,VIT,Tiruvalam,vellore,TamilNadu,600001,(880)923-0052
2000,Paveensingh,Outer Ring Road,Avadi,TamilNadu,600061,(957)220-5547
3000,VELTECH,Outer Ring Road,Avadi,TamilNadu,600062,(754)487-0324
4000,BIT Mesra,Mesra,Ranchi,Jharkhand,801234,(703)330-6234
5000,Haldia,Hatiberia,haldiya,West Bengal,714567,(769)262-0634
6000,Heritage,Anandpur,Kolkata,West Bengal,792276,(669)881-1114
7000,BITs Pilani,Vidya Vihar,Pilani,Rajasthan,835307,(622)159-9299
8000,MIT,Mahatma Socirty,Pune,Maharastra,878337,(574)438-7484
9000,Nit Patna,Patna,Patna,Bihar,921368,(526)717-5669
1010,NIIT,Neemrana,Jaipur,Rajasthan,964398,(478)996-3854
1111,IIT Mumbai,Powai,Mumbai,Maharastra,100742,(431)275-2039
1212,IIT Kharagpur,Kharagpur,Kharagpur,West Bengal,105045,(383)554-0224
1313,IIT Delhi,HauzKhas,Delhi,New Delhi,109349,(335)832-8409
1414,IIT Madrash,Chennai,Chennai,TamilNadu,113652,(288)111-6594
1000,VIT,Tiruvalam,vellore,TamilNadu,600001,(880)923-0052
2000,Paveensingh,Outer Ring Road,Avadi,TamilNadu,600061,(957)220-5547
3000,VELTECH,Outer Ring Road,Avadi,TamilNadu,600062,(754)487-0324
4000,BIT Mesra,Mesra,Ranchi,Jharkhand,801234,(703)330-6234
5000,Haldia,Hatiberia,haldiya,West Bengal,714567,(769)262-0634
6000,Heritage,Anandpur,Kolkata,West Bengal,792276,(669)881-1114
7000,BITs Pilani,Vidya Vihar,Pilani,Rajasthan,835307,(622)159-9299
8000,MIT,Mahatma Socirty,Pune,Maharastra,878337,(574)438-7484
9000,Nit Patna,Patna,Patna,Bihar,921368,(526)717-5669
1010,NIIT,Neemrana,Jaipur,Rajasthan,964398,(478)996-3854
1111,IIT Mumbai,Powai,Mumbai,Maharastra,100742,(431)275-2039
1212,IIT Kharagpur,Kharagpur,Kharagpur,West Bengal,105045,(383)554-0224
1313,IIT Delhi,HauzKhas,Delhi,New Delhi,109349,(335)832-8409
1414,IIT Madrash,Chennai,Chennai,TamilNadu,113652,(288)111-6594
1515,DAV,velan Nagar,Chennai,TamilNadu,117955,(240)390-4779
