COURSE_CODE,COURSE_NAME,DEPARTMENT_NO,MARK_REQ
121,Applied Arts,1,75
222,Data Structures,2,35
114,Mechanics,3,40
323,Environmental Engineering,4,60
214,Thermodynamics,5,40
415,Control Systems,6,50
115,Physical Metallurgy,7,35
124,Human Anatomy,8,50
225,Psychology,9,45
316,Supply Chain,10,60
412,Object Oriented Programming,11,50
212,Signals and Systems,12,50
325,Aero Propulsion,13,35
123,Fabric Formation,14,40
216,Extractive Metallurgy,15,55
423,Process Engineering,16,50
116,Geo Science,17,50
224,Computer analysis of Structures,18,50
322,Farm Mchinery,19,50
414,Digital Communication,20,50
