DEPARTMENT_ID,DEPARTMENT_NAME,DEPARTMENT_NO,DEPARTMENT_PHONE,DEPARTMENT_HEAD
1,ScienceandArts,1,957-858-9339,Kayling
2,ComputerScience,2,816-555-6338,Blaze
3,Mechanical,3,959-278-9325,Clare
4,Civil,4,776-558-8354,Jonas
5,Chemical,5,756-558-9459,Adlyn
6,Electrical,6,823-458-9453,Wade
7,MaterialScience,7,956-583-5447,Madden
8,BiomedicalEngineering,8,835-488-2839,Tucker
9,Humanities,9,346-589-4763,Adnres
10,Management,10,836-456-8339,Julius
11,IT,11,953-845-4859,Marker
12,Electronics,12,836-489-5635,Scarlet
13,Aerospace,13,393-647-5339,Frank
14,Textile,14,956-384-6585,Sandrine
15,Metallurgy,15,836-458-5999,John Russell
16,Industrial,16,700-453-0056,Jennifer whalen
17,Mining,17,735-759-0045,Michael Hartstein
18,Structural,18,837-467-5600,Herman Baer
19,Agricultural,19,383-648-5009,Shelley Higgins
20,Telecommunication,20,284-665-7509,Steven King
