FACULTY_CODE,FACULTY_NAME,FACULTY_DESIGNATION,FACULTY_QUALIFICATION
10000001,Ms. Anuradha Daheriya,Asst. Professor,B.Ed. 
10000002,Harsh Vardhan Mishra,Asst. Prof & Dy. HoD,PHD
20000001,Sanchi Kaushik,Asst. Professor,M.TECH
20000002,Alisha Sikri,Asst. Professor,PHD
30000002,Prakirti Raghuvanshi,Asst. Professor,M.TECH
30000001,Neelam,Asst. Professor,PHD
40000001,Anamika Tiwari,Asst. Professor,M.TECH
40000002,Dr. Yadvendra Pratap ,Asst. Prof & Dy.HoD,M.TECH
50000001,Dr. Nidhi singh,Asst. Professor,M.TECH
50000002,SHALINI SINGH,Asst. Professor,PHD
60000001,MANJINDER SINGH,Associate Professor,M.TECH
60000002,PREET KAMAL,Associate Professor,M.TECH
70000001,RAM KUMAR,Associate Professor,PHD
50000003,SARITA GOSWAMI,Asst. Professor,M.TECH
80000001,RENU CHANDA,Associate Professor,PHD
80000002,SEEMA DHINGRA,Asst. Professor,M.TECH
90000001,PAWAN KUMAR,Associate Professor,M.TECH
90000002,HARJINDER KAUR,Asst. Prof & Dy. HoD,PHD
10100001,KAMAL VERMA,Associate Professor,M.TECH
10100002,VANITA CHADHA,Asst. Professor,M.TECH
11110001,SURINDER KAUR,Associate Professor,PHD
11110002,JAGJEET JOLLY,Asst. Professor,M.TECH
12120001,SNEH LATA,Associate Professor,M.TECH
12120002,ANUBHA VERMA,Associate Professor,PHD
13130001,NIKHILA DUA,Associate Professor,M.TECH
13130002,HARPAL KAUR,Asst. Prof & Dy. HoD,M.TECH
14140001,GEETA KUMARI,Associate Professor,PHD
14140002,ANU MALHOTRA,Asst. Professor,M.TECH
