<?xml version="1.0" encoding="Windows-1252"?>
<!DOCTYPE POWERMART SYSTEM "powrmart.dtd">
<POWERMART CREATION_DATE="05/20/2022 09:52:54" REPOSITORY_VERSION="186.95">
<REPOSITORY NAME="Repo_Academy" VERSION="186" CODEPAGE="MS1252" DATABASETYPE="Oracle">
<FOLDER NAME="Devloper2" GROUP="" OWNER="infouser" SHARED="NOTSHARED" DESCRIPTION="" PERMISSIONS="rwx---r--" UUID="19bcdb88-4500-45f6-be6b-12245091ba06">
    <SOURCE BUSINESSNAME ="" DATABASETYPE ="Flat File" DBDNAME ="FlatFile" DESCRIPTION ="" NAME ="CDW_UAS_FACULTY_SOURCE" OBJECTVERSION ="1" OWNERNAME ="" VERSIONNUMBER ="1">
        <FLATFILE CODEPAGE ="MS1252" CONSECDELIMITERSASONE ="NO" DELIMITED ="YES" DELIMITERS ="," ESCAPE_CHARACTER ="" KEEPESCAPECHAR ="NO" LINESEQUENTIAL ="NO" MULTIDELIMITERSASAND ="NO" NULLCHARTYPE ="ASCII" NULL_CHARACTER ="*" PADBYTES ="1" QUOTE_CHARACTER ="DOUBLE" REPEATABLE ="NO" ROWDELIMITER ="0" SHIFTSENSITIVEDATA ="NO" SKIPROWS ="1" STRIPTRAILINGBLANKS ="NO"/>
        <TABLEATTRIBUTE NAME ="Base Table Name" VALUE =""/>
        <TABLEATTRIBUTE NAME ="Search Specification" VALUE =""/>
        <TABLEATTRIBUTE NAME ="Sort Specification" VALUE =""/>
        <TABLEATTRIBUTE NAME ="Datetime Format" VALUE ="A  19 mm/dd/yyyy hh24:mi:ss"/>
        <TABLEATTRIBUTE NAME ="Thousand Separator" VALUE ="None"/>
        <TABLEATTRIBUTE NAME ="Decimal Separator" VALUE ="."/>
        <TABLEATTRIBUTE NAME ="Add Currently Processed Flat File Name Port" VALUE ="NO"/>
        <TABLEATTRIBUTE NAME ="Source TimeStamp" VALUE =""/>
        <SOURCEFIELD BUSINESSNAME ="" DATATYPE ="int" DESCRIPTION ="" FIELDNUMBER ="1" FIELDPROPERTY ="0" FIELDTYPE ="ELEMITEM" HIDDEN ="NO" KEYTYPE ="NOT A KEY" LENGTH ="11" LEVEL ="0" NAME ="FACULTY_CODE" NULLABLE ="NULL" OCCURS ="0" OFFSET ="0" PHYSICALLENGTH ="21" PHYSICALOFFSET ="0" PICTURETEXT ="" PRECISION ="21" SCALE ="0" USAGE_FLAGS =""/>
        <SOURCEFIELD BUSINESSNAME ="" DATATYPE ="nstring" DESCRIPTION ="" FIELDNUMBER ="2" FIELDPROPERTY ="0" FIELDTYPE ="ELEMITEM" HIDDEN ="NO" KEYTYPE ="NOT A KEY" LENGTH ="21" LEVEL ="0" NAME ="FACULTY_NAME" NULLABLE ="NULL" OCCURS ="0" OFFSET ="11" PHYSICALLENGTH ="21" PHYSICALOFFSET ="21" PICTURETEXT ="" PRECISION ="21" SCALE ="0" USAGE_FLAGS =""/>
        <SOURCEFIELD BUSINESSNAME ="" DATATYPE ="nstring" DESCRIPTION ="" FIELDNUMBER ="3" FIELDPROPERTY ="0" FIELDTYPE ="ELEMITEM" HIDDEN ="NO" KEYTYPE ="NOT A KEY" LENGTH ="20" LEVEL ="0" NAME ="FACULTY_DESIGNATION" NULLABLE ="NULL" OCCURS ="0" OFFSET ="32" PHYSICALLENGTH ="20" PHYSICALOFFSET ="42" PICTURETEXT ="" PRECISION ="20" SCALE ="0" USAGE_FLAGS =""/>
        <SOURCEFIELD BUSINESSNAME ="" DATATYPE ="nstring" DESCRIPTION ="" FIELDNUMBER ="4" FIELDPROPERTY ="0" FIELDTYPE ="ELEMITEM" HIDDEN ="NO" KEYTYPE ="NOT A KEY" LENGTH ="6" LEVEL ="0" NAME ="FACULTY_QUALIFICATION" NULLABLE ="NULL" OCCURS ="0" OFFSET ="52" PHYSICALLENGTH ="6" PHYSICALOFFSET ="62" PICTURETEXT ="" PRECISION ="6" SCALE ="0" USAGE_FLAGS =""/>
    </SOURCE>
    <TARGET BUSINESSNAME ="" CONSTRAINT ="" DATABASETYPE ="Oracle" DESCRIPTION ="" NAME ="CDW_UAS_D_FACULTY" OBJECTVERSION ="1" TABLEOPTIONS ="" VERSIONNUMBER ="1">
        <TARGETFIELD BUSINESSNAME ="" DATATYPE ="number(p,s)" DESCRIPTION ="" FIELDNUMBER ="1" KEYTYPE ="NOT A KEY" NAME ="FACULTY_CODE" NULLABLE ="NULL" PICTURETEXT ="" PRECISION ="9" SCALE ="0"/>
        <TARGETFIELD BUSINESSNAME ="" DATATYPE ="nvarchar2" DESCRIPTION ="" FIELDNUMBER ="2" KEYTYPE ="NOT A KEY" NAME ="FACULTY_NAME" NULLABLE ="NULL" PICTURETEXT ="" PRECISION ="25" SCALE ="0"/>
        <TARGETFIELD BUSINESSNAME ="" DATATYPE ="nvarchar2" DESCRIPTION ="" FIELDNUMBER ="3" KEYTYPE ="NOT A KEY" NAME ="FACULTY_DESIGNATION" NULLABLE ="NULL" PICTURETEXT ="" PRECISION ="30" SCALE ="0"/>
        <TARGETFIELD BUSINESSNAME ="" DATATYPE ="nvarchar2" DESCRIPTION ="" FIELDNUMBER ="4" KEYTYPE ="NOT A KEY" NAME ="FACULTY_QUALIFICATION" NULLABLE ="NULL" PICTURETEXT ="" PRECISION ="30" SCALE ="0"/>
    </TARGET>
    <MAPPING DESCRIPTION ="" ISVALID ="YES" NAME ="CDW_UAS_FACULTY" OBJECTVERSION ="1" VERSIONNUMBER ="1">
        <TRANSFORMATION DESCRIPTION ="" NAME ="SQ_CDW_UAS_FACULTY_SOURCE" OBJECTVERSION ="1" REUSABLE ="NO" TYPE ="Source Qualifier" VERSIONNUMBER ="1">
            <TRANSFORMFIELD DATATYPE ="integer" DEFAULTVALUE ="" DESCRIPTION ="" NAME ="FACULTY_CODE" PICTURETEXT ="" PORTTYPE ="INPUT/OUTPUT" PRECISION ="10" SCALE ="0"/>
            <TRANSFORMFIELD DATATYPE ="nstring" DEFAULTVALUE ="" DESCRIPTION ="" NAME ="FACULTY_NAME" PICTURETEXT ="" PORTTYPE ="INPUT/OUTPUT" PRECISION ="21" SCALE ="0"/>
            <TRANSFORMFIELD DATATYPE ="nstring" DEFAULTVALUE ="" DESCRIPTION ="" NAME ="FACULTY_DESIGNATION" PICTURETEXT ="" PORTTYPE ="INPUT/OUTPUT" PRECISION ="20" SCALE ="0"/>
            <TRANSFORMFIELD DATATYPE ="nstring" DEFAULTVALUE ="" DESCRIPTION ="" NAME ="FACULTY_QUALIFICATION" PICTURETEXT ="" PORTTYPE ="INPUT/OUTPUT" PRECISION ="6" SCALE ="0"/>
            <TABLEATTRIBUTE NAME ="Sql Query" VALUE =""/>
            <TABLEATTRIBUTE NAME ="User Defined Join" VALUE =""/>
            <TABLEATTRIBUTE NAME ="Source Filter" VALUE =""/>
            <TABLEATTRIBUTE NAME ="Number Of Sorted Ports" VALUE ="0"/>
            <TABLEATTRIBUTE NAME ="Tracing Level" VALUE ="Normal"/>
            <TABLEATTRIBUTE NAME ="Select Distinct" VALUE ="NO"/>
            <TABLEATTRIBUTE NAME ="Is Partitionable" VALUE ="NO"/>
            <TABLEATTRIBUTE NAME ="Pre SQL" VALUE =""/>
            <TABLEATTRIBUTE NAME ="Post SQL" VALUE =""/>
            <TABLEATTRIBUTE NAME ="Output is deterministic" VALUE ="NO"/>
            <TABLEATTRIBUTE NAME ="Output is repeatable" VALUE ="Never"/>
        </TRANSFORMATION>
        <TRANSFORMATION DESCRIPTION ="" NAME ="LKP_CDW_UAS_FACULTY" OBJECTVERSION ="1" REUSABLE ="NO" TYPE ="Lookup Procedure" VERSIONNUMBER ="1">
            <TRANSFORMFIELD DATATYPE ="integer" DEFAULTVALUE ="" DESCRIPTION ="" NAME ="FACULTY_CODE" PICTURETEXT ="" PORTTYPE ="LOOKUP/OUTPUT" PRECISION ="10" SCALE ="0"/>
            <TRANSFORMFIELD DATATYPE ="nstring" DEFAULTVALUE ="" DESCRIPTION ="" NAME ="FACULTY_NAME" PICTURETEXT ="" PORTTYPE ="LOOKUP/OUTPUT" PRECISION ="25" SCALE ="0"/>
            <TRANSFORMFIELD DATATYPE ="nstring" DEFAULTVALUE ="" DESCRIPTION ="" NAME ="FACULTY_DESIGNATION" PICTURETEXT ="" PORTTYPE ="LOOKUP/OUTPUT" PRECISION ="30" SCALE ="0"/>
            <TRANSFORMFIELD DATATYPE ="nstring" DEFAULTVALUE ="" DESCRIPTION ="" NAME ="FACULTY_QUALIFICATION" PICTURETEXT ="" PORTTYPE ="LOOKUP/OUTPUT" PRECISION ="30" SCALE ="0"/>
            <TRANSFORMFIELD DATATYPE ="integer" DEFAULTVALUE ="" DESCRIPTION ="" NAME ="src_FACULTY_CODE" PICTURETEXT ="" PORTTYPE ="INPUT/OUTPUT" PRECISION ="10" SCALE ="0"/>
            <TABLEATTRIBUTE NAME ="Lookup Sql Override" VALUE =""/>
            <TABLEATTRIBUTE NAME ="Lookup table name" VALUE ="CDW_UAS_D_FACULTY"/>
            <TABLEATTRIBUTE NAME ="Lookup Source Filter" VALUE =""/>
            <TABLEATTRIBUTE NAME ="Lookup caching enabled" VALUE ="YES"/>
            <TABLEATTRIBUTE NAME ="Lookup policy on multiple match" VALUE ="Use Any Value"/>
            <TABLEATTRIBUTE NAME ="Lookup condition" VALUE ="FACULTY_CODE = src_FACULTY_CODE"/>
            <TABLEATTRIBUTE NAME ="Connection Information" VALUE ="$Target"/>
            <TABLEATTRIBUTE NAME ="Source Type" VALUE ="Database"/>
            <TABLEATTRIBUTE NAME ="Recache if Stale" VALUE ="NO"/>
            <TABLEATTRIBUTE NAME ="Tracing Level" VALUE ="Normal"/>
            <TABLEATTRIBUTE NAME ="Lookup cache directory name" VALUE ="$PMCacheDir"/>
            <TABLEATTRIBUTE NAME ="Lookup cache initialize" VALUE ="NO"/>
            <TABLEATTRIBUTE NAME ="Lookup cache persistent" VALUE ="NO"/>
            <TABLEATTRIBUTE NAME ="Lookup Data Cache Size" VALUE ="Auto"/>
            <TABLEATTRIBUTE NAME ="Lookup Index Cache Size" VALUE ="Auto"/>
            <TABLEATTRIBUTE NAME ="Dynamic Lookup Cache" VALUE ="NO"/>
            <TABLEATTRIBUTE NAME ="Synchronize Dynamic Cache" VALUE ="NO"/>
            <TABLEATTRIBUTE NAME ="Output Old Value On Update" VALUE ="NO"/>
            <TABLEATTRIBUTE NAME ="Update Dynamic Cache Condition" VALUE ="TRUE"/>
            <TABLEATTRIBUTE NAME ="Cache File Name Prefix" VALUE =""/>
            <TABLEATTRIBUTE NAME ="Re-cache from lookup source" VALUE ="NO"/>
            <TABLEATTRIBUTE NAME ="Insert Else Update" VALUE ="NO"/>
            <TABLEATTRIBUTE NAME ="Update Else Insert" VALUE ="NO"/>
            <TABLEATTRIBUTE NAME ="Datetime Format" VALUE =""/>
            <TABLEATTRIBUTE NAME ="Thousand Separator" VALUE ="None"/>
            <TABLEATTRIBUTE NAME ="Decimal Separator" VALUE ="."/>
            <TABLEATTRIBUTE NAME ="Case Sensitive String Comparison" VALUE ="NO"/>
            <TABLEATTRIBUTE NAME ="Null ordering" VALUE ="Null Is Highest Value"/>
            <TABLEATTRIBUTE NAME ="Sorted Input" VALUE ="NO"/>
            <TABLEATTRIBUTE NAME ="Lookup source is static" VALUE ="NO"/>
            <TABLEATTRIBUTE NAME ="Pre-build lookup cache" VALUE ="Auto"/>
            <TABLEATTRIBUTE NAME ="Subsecond Precision" VALUE ="6"/>
        </TRANSFORMATION>
        <TRANSFORMATION DESCRIPTION ="" NAME ="EXP_CDW_UAS_FACULTY" OBJECTVERSION ="1" REUSABLE ="NO" TYPE ="Expression" VERSIONNUMBER ="1">
            <TRANSFORMFIELD DATATYPE ="integer" DEFAULTVALUE ="" DESCRIPTION ="" EXPRESSION ="FACULTY_CODE" EXPRESSIONTYPE ="GENERAL" NAME ="FACULTY_CODE" PICTURETEXT ="" PORTTYPE ="INPUT/OUTPUT" PRECISION ="10" SCALE ="0"/>
            <TRANSFORMFIELD DATATYPE ="nstring" DEFAULTVALUE ="" DESCRIPTION ="" EXPRESSION ="FACULTY_NAME" EXPRESSIONTYPE ="GENERAL" NAME ="FACULTY_NAME" PICTURETEXT ="" PORTTYPE ="INPUT/OUTPUT" PRECISION ="21" SCALE ="0"/>
            <TRANSFORMFIELD DATATYPE ="nstring" DEFAULTVALUE ="" DESCRIPTION ="" EXPRESSION ="FACULTY_DESIGNATION" EXPRESSIONTYPE ="GENERAL" NAME ="FACULTY_DESIGNATION" PICTURETEXT ="" PORTTYPE ="INPUT/OUTPUT" PRECISION ="20" SCALE ="0"/>
            <TRANSFORMFIELD DATATYPE ="nstring" DEFAULTVALUE ="" DESCRIPTION ="" EXPRESSION ="FACULTY_QUALIFICATION" EXPRESSIONTYPE ="GENERAL" NAME ="FACULTY_QUALIFICATION" PICTURETEXT ="" PORTTYPE ="INPUT/OUTPUT" PRECISION ="6" SCALE ="0"/>
            <TRANSFORMFIELD DATATYPE ="integer" DEFAULTVALUE ="" DESCRIPTION ="" EXPRESSION ="LKP_FACULTY_CODE" EXPRESSIONTYPE ="GENERAL" NAME ="LKP_FACULTY_CODE" PICTURETEXT ="" PORTTYPE ="INPUT/OUTPUT" PRECISION ="10" SCALE ="0"/>
            <TRANSFORMFIELD DATATYPE ="nstring" DEFAULTVALUE ="" DESCRIPTION ="" EXPRESSION ="LKP_FACULTY_NAME" EXPRESSIONTYPE ="GENERAL" NAME ="LKP_FACULTY_NAME" PICTURETEXT ="" PORTTYPE ="INPUT/OUTPUT" PRECISION ="25" SCALE ="0"/>
            <TRANSFORMFIELD DATATYPE ="nstring" DEFAULTVALUE ="" DESCRIPTION ="" EXPRESSION ="LKP_FACULTY_DESIGNATION" EXPRESSIONTYPE ="GENERAL" NAME ="LKP_FACULTY_DESIGNATION" PICTURETEXT ="" PORTTYPE ="INPUT/OUTPUT" PRECISION ="30" SCALE ="0"/>
            <TRANSFORMFIELD DATATYPE ="nstring" DEFAULTVALUE ="" DESCRIPTION ="" EXPRESSION ="LKP_FACULTY_QUALIFICATION" EXPRESSIONTYPE ="GENERAL" NAME ="LKP_FACULTY_QUALIFICATION" PICTURETEXT ="" PORTTYPE ="INPUT/OUTPUT" PRECISION ="30" SCALE ="0"/>
            <TRANSFORMFIELD DATATYPE ="string" DEFAULTVALUE ="ERROR(&apos;transformation error&apos;)" DESCRIPTION ="" EXPRESSION ="iif(isnull(LKP_FACULTY_CODE),true,false)" EXPRESSIONTYPE ="GENERAL" NAME ="newrecord_Insert" PICTURETEXT ="" PORTTYPE ="OUTPUT" PRECISION ="10" SCALE ="0"/>
            <TRANSFORMFIELD DATATYPE ="string" DEFAULTVALUE ="ERROR(&apos;transformation error&apos;)" DESCRIPTION ="" EXPRESSION ="iif(FACULTY_CODE=LKP_FACULTY_CODE and FACULTY_NAME!=LKP_FACULTY_NAME or FACULTY_DESIGNATION!=LKP_FACULTY_DESIGNATION or FACULTY_QUALIFICATION!=LKP_FACULTY_QUALIFICATION,true,false)" EXPRESSIONTYPE ="GENERAL" NAME ="Existingrecord_Update" PICTURETEXT ="" PORTTYPE ="OUTPUT" PRECISION ="10" SCALE ="0"/>
            <TABLEATTRIBUTE NAME ="Tracing Level" VALUE ="Normal"/>
        </TRANSFORMATION>
        <TRANSFORMATION DESCRIPTION ="" NAME ="Rtr_CDW_UAS_FACULTY" OBJECTVERSION ="1" REUSABLE ="NO" TYPE ="Router" VERSIONNUMBER ="1">
            <GROUP DESCRIPTION ="" NAME ="INPUT" ORDER ="1" TYPE ="INPUT"/>
            <GROUP DESCRIPTION ="" EXPRESSION ="Newrecord_Insert" NAME ="INSERT" ORDER ="2" TYPE ="OUTPUT"/>
            <GROUP DESCRIPTION ="Path for the data when none of the group conditions are satisfied." NAME ="DEFAULT1" ORDER ="4" TYPE ="OUTPUT/DEFAULT"/>
            <GROUP DESCRIPTION ="" EXPRESSION ="Existingrecord_Update" NAME ="UPDATE" ORDER ="3" TYPE ="OUTPUT"/>
            <TRANSFORMFIELD DATATYPE ="integer" DEFAULTVALUE ="" DESCRIPTION ="" GROUP ="INPUT" NAME ="FACULTY_CODE" PICTURETEXT ="" PORTTYPE ="INPUT" PRECISION ="10" SCALE ="0"/>
            <TRANSFORMFIELD DATATYPE ="nstring" DEFAULTVALUE ="" DESCRIPTION ="" GROUP ="INPUT" NAME ="FACULTY_NAME" PICTURETEXT ="" PORTTYPE ="INPUT" PRECISION ="21" SCALE ="0"/>
            <TRANSFORMFIELD DATATYPE ="nstring" DEFAULTVALUE ="" DESCRIPTION ="" GROUP ="INPUT" NAME ="FACULTY_DESIGNATION" PICTURETEXT ="" PORTTYPE ="INPUT" PRECISION ="20" SCALE ="0"/>
            <TRANSFORMFIELD DATATYPE ="nstring" DEFAULTVALUE ="" DESCRIPTION ="" GROUP ="INPUT" NAME ="FACULTY_QUALIFICATION" PICTURETEXT ="" PORTTYPE ="INPUT" PRECISION ="6" SCALE ="0"/>
            <TRANSFORMFIELD DATATYPE ="string" DEFAULTVALUE ="" DESCRIPTION ="" GROUP ="INPUT" NAME ="Newrecord_Insert" PICTURETEXT ="" PORTTYPE ="INPUT" PRECISION ="10" SCALE ="0"/>
            <TRANSFORMFIELD DATATYPE ="string" DEFAULTVALUE ="" DESCRIPTION ="" GROUP ="INPUT" NAME ="Existingrecord_Update" PICTURETEXT ="" PORTTYPE ="INPUT" PRECISION ="10" SCALE ="0"/>
            <TRANSFORMFIELD DATATYPE ="integer" DEFAULTVALUE ="" DESCRIPTION ="" GROUP ="INSERT" NAME ="FACULTY_CODE1" PICTURETEXT ="" PORTTYPE ="OUTPUT" PRECISION ="10" REF_FIELD ="FACULTY_CODE" SCALE ="0"/>
            <TRANSFORMFIELD DATATYPE ="nstring" DEFAULTVALUE ="" DESCRIPTION ="" GROUP ="INSERT" NAME ="FACULTY_NAME1" PICTURETEXT ="" PORTTYPE ="OUTPUT" PRECISION ="21" REF_FIELD ="FACULTY_NAME" SCALE ="0"/>
            <TRANSFORMFIELD DATATYPE ="nstring" DEFAULTVALUE ="" DESCRIPTION ="" GROUP ="INSERT" NAME ="FACULTY_DESIGNATION1" PICTURETEXT ="" PORTTYPE ="OUTPUT" PRECISION ="20" REF_FIELD ="FACULTY_DESIGNATION" SCALE ="0"/>
            <TRANSFORMFIELD DATATYPE ="nstring" DEFAULTVALUE ="" DESCRIPTION ="" GROUP ="INSERT" NAME ="FACULTY_QUALIFICATION1" PICTURETEXT ="" PORTTYPE ="OUTPUT" PRECISION ="6" REF_FIELD ="FACULTY_QUALIFICATION" SCALE ="0"/>
            <TRANSFORMFIELD DATATYPE ="string" DEFAULTVALUE ="" DESCRIPTION ="" GROUP ="INSERT" NAME ="Newrecord_Insert1" PICTURETEXT ="" PORTTYPE ="OUTPUT" PRECISION ="10" REF_FIELD ="Newrecord_Insert" SCALE ="0"/>
            <TRANSFORMFIELD DATATYPE ="string" DEFAULTVALUE ="" DESCRIPTION ="" GROUP ="INSERT" NAME ="Existingrecord_Update1" PICTURETEXT ="" PORTTYPE ="OUTPUT" PRECISION ="10" REF_FIELD ="Existingrecord_Update" SCALE ="0"/>
            <TRANSFORMFIELD DATATYPE ="integer" DEFAULTVALUE ="" DESCRIPTION ="" GROUP ="UPDATE" NAME ="FACULTY_CODE3" PICTURETEXT ="" PORTTYPE ="OUTPUT" PRECISION ="10" REF_FIELD ="FACULTY_CODE" SCALE ="0"/>
            <TRANSFORMFIELD DATATYPE ="nstring" DEFAULTVALUE ="" DESCRIPTION ="" GROUP ="UPDATE" NAME ="FACULTY_NAME3" PICTURETEXT ="" PORTTYPE ="OUTPUT" PRECISION ="21" REF_FIELD ="FACULTY_NAME" SCALE ="0"/>
            <TRANSFORMFIELD DATATYPE ="nstring" DEFAULTVALUE ="" DESCRIPTION ="" GROUP ="UPDATE" NAME ="FACULTY_DESIGNATION3" PICTURETEXT ="" PORTTYPE ="OUTPUT" PRECISION ="20" REF_FIELD ="FACULTY_DESIGNATION" SCALE ="0"/>
            <TRANSFORMFIELD DATATYPE ="nstring" DEFAULTVALUE ="" DESCRIPTION ="" GROUP ="UPDATE" NAME ="FACULTY_QUALIFICATION3" PICTURETEXT ="" PORTTYPE ="OUTPUT" PRECISION ="6" REF_FIELD ="FACULTY_QUALIFICATION" SCALE ="0"/>
            <TRANSFORMFIELD DATATYPE ="string" DEFAULTVALUE ="" DESCRIPTION ="" GROUP ="UPDATE" NAME ="Newrecord_Insert3" PICTURETEXT ="" PORTTYPE ="OUTPUT" PRECISION ="10" REF_FIELD ="Newrecord_Insert" SCALE ="0"/>
            <TRANSFORMFIELD DATATYPE ="string" DEFAULTVALUE ="" DESCRIPTION ="" GROUP ="UPDATE" NAME ="Existingrecord_Update3" PICTURETEXT ="" PORTTYPE ="OUTPUT" PRECISION ="10" REF_FIELD ="Existingrecord_Update" SCALE ="0"/>
            <TRANSFORMFIELD DATATYPE ="integer" DEFAULTVALUE ="" DESCRIPTION ="" GROUP ="DEFAULT1" NAME ="FACULTY_CODE2" PICTURETEXT ="" PORTTYPE ="OUTPUT" PRECISION ="10" REF_FIELD ="FACULTY_CODE" SCALE ="0"/>
            <TRANSFORMFIELD DATATYPE ="nstring" DEFAULTVALUE ="" DESCRIPTION ="" GROUP ="DEFAULT1" NAME ="FACULTY_NAME2" PICTURETEXT ="" PORTTYPE ="OUTPUT" PRECISION ="21" REF_FIELD ="FACULTY_NAME" SCALE ="0"/>
            <TRANSFORMFIELD DATATYPE ="nstring" DEFAULTVALUE ="" DESCRIPTION ="" GROUP ="DEFAULT1" NAME ="FACULTY_DESIGNATION2" PICTURETEXT ="" PORTTYPE ="OUTPUT" PRECISION ="20" REF_FIELD ="FACULTY_DESIGNATION" SCALE ="0"/>
            <TRANSFORMFIELD DATATYPE ="nstring" DEFAULTVALUE ="" DESCRIPTION ="" GROUP ="DEFAULT1" NAME ="FACULTY_QUALIFICATION2" PICTURETEXT ="" PORTTYPE ="OUTPUT" PRECISION ="6" REF_FIELD ="FACULTY_QUALIFICATION" SCALE ="0"/>
            <TRANSFORMFIELD DATATYPE ="string" DEFAULTVALUE ="" DESCRIPTION ="" GROUP ="DEFAULT1" NAME ="Newrecord_Insert2" PICTURETEXT ="" PORTTYPE ="OUTPUT" PRECISION ="10" REF_FIELD ="Newrecord_Insert" SCALE ="0"/>
            <TRANSFORMFIELD DATATYPE ="string" DEFAULTVALUE ="" DESCRIPTION ="" GROUP ="DEFAULT1" NAME ="Existingrecord_Update2" PICTURETEXT ="" PORTTYPE ="OUTPUT" PRECISION ="10" REF_FIELD ="Existingrecord_Update" SCALE ="0"/>
            <TABLEATTRIBUTE NAME ="Tracing Level" VALUE ="Normal"/>
        </TRANSFORMATION>
        <TRANSFORMATION DESCRIPTION ="" NAME ="Up_CDW_UAS_FACULTY" OBJECTVERSION ="1" REUSABLE ="NO" TYPE ="Update Strategy" VERSIONNUMBER ="1">
            <TRANSFORMFIELD DATATYPE ="integer" DEFAULTVALUE ="" DESCRIPTION ="" NAME ="FACULTY_CODE3" PICTURETEXT ="" PORTTYPE ="INPUT/OUTPUT" PRECISION ="10" SCALE ="0"/>
            <TRANSFORMFIELD DATATYPE ="nstring" DEFAULTVALUE ="" DESCRIPTION ="" NAME ="FACULTY_NAME3" PICTURETEXT ="" PORTTYPE ="INPUT/OUTPUT" PRECISION ="21" SCALE ="0"/>
            <TRANSFORMFIELD DATATYPE ="nstring" DEFAULTVALUE ="" DESCRIPTION ="" NAME ="FACULTY_DESIGNATION3" PICTURETEXT ="" PORTTYPE ="INPUT/OUTPUT" PRECISION ="20" SCALE ="0"/>
            <TRANSFORMFIELD DATATYPE ="nstring" DEFAULTVALUE ="" DESCRIPTION ="" NAME ="FACULTY_QUALIFICATION3" PICTURETEXT ="" PORTTYPE ="INPUT/OUTPUT" PRECISION ="6" SCALE ="0"/>
            <TABLEATTRIBUTE NAME ="Update Strategy Expression" VALUE ="DD_UPDATE"/>
            <TABLEATTRIBUTE NAME ="Forward Rejected Rows" VALUE ="YES"/>
            <TABLEATTRIBUTE NAME ="Tracing Level" VALUE ="Normal"/>
        </TRANSFORMATION>
        <INSTANCE DESCRIPTION ="" NAME ="CDW_UAS_D_FACULTY_UPDATE" TRANSFORMATION_NAME ="CDW_UAS_D_FACULTY" TRANSFORMATION_TYPE ="Target Definition" TYPE ="TARGET"/>
        <INSTANCE DESCRIPTION ="" NAME ="CDW_UAS_D_FACULTY_INSERT" TRANSFORMATION_NAME ="CDW_UAS_D_FACULTY" TRANSFORMATION_TYPE ="Target Definition" TYPE ="TARGET"/>
        <INSTANCE DESCRIPTION ="" NAME ="SQ_CDW_UAS_FACULTY_SOURCE" REUSABLE ="NO" TRANSFORMATION_NAME ="SQ_CDW_UAS_FACULTY_SOURCE" TRANSFORMATION_TYPE ="Source Qualifier" TYPE ="TRANSFORMATION">
            <ASSOCIATED_SOURCE_INSTANCE NAME ="CDW_UAS_FACULTY_SOURCE"/>
        </INSTANCE>
        <INSTANCE DESCRIPTION ="" NAME ="LKP_CDW_UAS_FACULTY" REUSABLE ="NO" TRANSFORMATION_NAME ="LKP_CDW_UAS_FACULTY" TRANSFORMATION_TYPE ="Lookup Procedure" TYPE ="TRANSFORMATION"/>
        <INSTANCE DESCRIPTION ="" NAME ="EXP_CDW_UAS_FACULTY" REUSABLE ="NO" TRANSFORMATION_NAME ="EXP_CDW_UAS_FACULTY" TRANSFORMATION_TYPE ="Expression" TYPE ="TRANSFORMATION"/>
        <INSTANCE DESCRIPTION ="" NAME ="Rtr_CDW_UAS_FACULTY" REUSABLE ="NO" TRANSFORMATION_NAME ="Rtr_CDW_UAS_FACULTY" TRANSFORMATION_TYPE ="Router" TYPE ="TRANSFORMATION"/>
        <INSTANCE DESCRIPTION ="" NAME ="Up_CDW_UAS_FACULTY" REUSABLE ="NO" TRANSFORMATION_NAME ="Up_CDW_UAS_FACULTY" TRANSFORMATION_TYPE ="Update Strategy" TYPE ="TRANSFORMATION"/>
        <INSTANCE DBDNAME ="FlatFile" DESCRIPTION ="" NAME ="CDW_UAS_FACULTY_SOURCE" TRANSFORMATION_NAME ="CDW_UAS_FACULTY_SOURCE" TRANSFORMATION_TYPE ="Source Definition" TYPE ="SOURCE"/>
        <CONNECTOR FROMFIELD ="FACULTY_CODE3" FROMINSTANCE ="Up_CDW_UAS_FACULTY" FROMINSTANCETYPE ="Update Strategy" TOFIELD ="FACULTY_CODE" TOINSTANCE ="CDW_UAS_D_FACULTY_UPDATE" TOINSTANCETYPE ="Target Definition"/>
        <CONNECTOR FROMFIELD ="FACULTY_NAME3" FROMINSTANCE ="Up_CDW_UAS_FACULTY" FROMINSTANCETYPE ="Update Strategy" TOFIELD ="FACULTY_NAME" TOINSTANCE ="CDW_UAS_D_FACULTY_UPDATE" TOINSTANCETYPE ="Target Definition"/>
        <CONNECTOR FROMFIELD ="FACULTY_DESIGNATION3" FROMINSTANCE ="Up_CDW_UAS_FACULTY" FROMINSTANCETYPE ="Update Strategy" TOFIELD ="FACULTY_DESIGNATION" TOINSTANCE ="CDW_UAS_D_FACULTY_UPDATE" TOINSTANCETYPE ="Target Definition"/>
        <CONNECTOR FROMFIELD ="FACULTY_QUALIFICATION3" FROMINSTANCE ="Up_CDW_UAS_FACULTY" FROMINSTANCETYPE ="Update Strategy" TOFIELD ="FACULTY_QUALIFICATION" TOINSTANCE ="CDW_UAS_D_FACULTY_UPDATE" TOINSTANCETYPE ="Target Definition"/>
        <CONNECTOR FROMFIELD ="FACULTY_CODE1" FROMINSTANCE ="Rtr_CDW_UAS_FACULTY" FROMINSTANCETYPE ="Router" TOFIELD ="FACULTY_CODE" TOINSTANCE ="CDW_UAS_D_FACULTY_INSERT" TOINSTANCETYPE ="Target Definition"/>
        <CONNECTOR FROMFIELD ="FACULTY_NAME1" FROMINSTANCE ="Rtr_CDW_UAS_FACULTY" FROMINSTANCETYPE ="Router" TOFIELD ="FACULTY_NAME" TOINSTANCE ="CDW_UAS_D_FACULTY_INSERT" TOINSTANCETYPE ="Target Definition"/>
        <CONNECTOR FROMFIELD ="FACULTY_DESIGNATION1" FROMINSTANCE ="Rtr_CDW_UAS_FACULTY" FROMINSTANCETYPE ="Router" TOFIELD ="FACULTY_DESIGNATION" TOINSTANCE ="CDW_UAS_D_FACULTY_INSERT" TOINSTANCETYPE ="Target Definition"/>
        <CONNECTOR FROMFIELD ="FACULTY_QUALIFICATION1" FROMINSTANCE ="Rtr_CDW_UAS_FACULTY" FROMINSTANCETYPE ="Router" TOFIELD ="FACULTY_QUALIFICATION" TOINSTANCE ="CDW_UAS_D_FACULTY_INSERT" TOINSTANCETYPE ="Target Definition"/>
        <CONNECTOR FROMFIELD ="FACULTY_CODE" FROMINSTANCE ="CDW_UAS_FACULTY_SOURCE" FROMINSTANCETYPE ="Source Definition" TOFIELD ="FACULTY_CODE" TOINSTANCE ="SQ_CDW_UAS_FACULTY_SOURCE" TOINSTANCETYPE ="Source Qualifier"/>
        <CONNECTOR FROMFIELD ="FACULTY_NAME" FROMINSTANCE ="CDW_UAS_FACULTY_SOURCE" FROMINSTANCETYPE ="Source Definition" TOFIELD ="FACULTY_NAME" TOINSTANCE ="SQ_CDW_UAS_FACULTY_SOURCE" TOINSTANCETYPE ="Source Qualifier"/>
        <CONNECTOR FROMFIELD ="FACULTY_DESIGNATION" FROMINSTANCE ="CDW_UAS_FACULTY_SOURCE" FROMINSTANCETYPE ="Source Definition" TOFIELD ="FACULTY_DESIGNATION" TOINSTANCE ="SQ_CDW_UAS_FACULTY_SOURCE" TOINSTANCETYPE ="Source Qualifier"/>
        <CONNECTOR FROMFIELD ="FACULTY_QUALIFICATION" FROMINSTANCE ="CDW_UAS_FACULTY_SOURCE" FROMINSTANCETYPE ="Source Definition" TOFIELD ="FACULTY_QUALIFICATION" TOINSTANCE ="SQ_CDW_UAS_FACULTY_SOURCE" TOINSTANCETYPE ="Source Qualifier"/>
        <CONNECTOR FROMFIELD ="FACULTY_CODE" FROMINSTANCE ="SQ_CDW_UAS_FACULTY_SOURCE" FROMINSTANCETYPE ="Source Qualifier" TOFIELD ="src_FACULTY_CODE" TOINSTANCE ="LKP_CDW_UAS_FACULTY" TOINSTANCETYPE ="Lookup Procedure"/>
        <CONNECTOR FROMFIELD ="FACULTY_CODE" FROMINSTANCE ="SQ_CDW_UAS_FACULTY_SOURCE" FROMINSTANCETYPE ="Source Qualifier" TOFIELD ="FACULTY_CODE" TOINSTANCE ="EXP_CDW_UAS_FACULTY" TOINSTANCETYPE ="Expression"/>
        <CONNECTOR FROMFIELD ="FACULTY_NAME" FROMINSTANCE ="SQ_CDW_UAS_FACULTY_SOURCE" FROMINSTANCETYPE ="Source Qualifier" TOFIELD ="FACULTY_NAME" TOINSTANCE ="EXP_CDW_UAS_FACULTY" TOINSTANCETYPE ="Expression"/>
        <CONNECTOR FROMFIELD ="FACULTY_DESIGNATION" FROMINSTANCE ="SQ_CDW_UAS_FACULTY_SOURCE" FROMINSTANCETYPE ="Source Qualifier" TOFIELD ="FACULTY_DESIGNATION" TOINSTANCE ="EXP_CDW_UAS_FACULTY" TOINSTANCETYPE ="Expression"/>
        <CONNECTOR FROMFIELD ="FACULTY_QUALIFICATION" FROMINSTANCE ="SQ_CDW_UAS_FACULTY_SOURCE" FROMINSTANCETYPE ="Source Qualifier" TOFIELD ="FACULTY_QUALIFICATION" TOINSTANCE ="EXP_CDW_UAS_FACULTY" TOINSTANCETYPE ="Expression"/>
        <CONNECTOR FROMFIELD ="FACULTY_CODE" FROMINSTANCE ="LKP_CDW_UAS_FACULTY" FROMINSTANCETYPE ="Lookup Procedure" TOFIELD ="LKP_FACULTY_CODE" TOINSTANCE ="EXP_CDW_UAS_FACULTY" TOINSTANCETYPE ="Expression"/>
        <CONNECTOR FROMFIELD ="FACULTY_NAME" FROMINSTANCE ="LKP_CDW_UAS_FACULTY" FROMINSTANCETYPE ="Lookup Procedure" TOFIELD ="LKP_FACULTY_NAME" TOINSTANCE ="EXP_CDW_UAS_FACULTY" TOINSTANCETYPE ="Expression"/>
        <CONNECTOR FROMFIELD ="FACULTY_DESIGNATION" FROMINSTANCE ="LKP_CDW_UAS_FACULTY" FROMINSTANCETYPE ="Lookup Procedure" TOFIELD ="LKP_FACULTY_DESIGNATION" TOINSTANCE ="EXP_CDW_UAS_FACULTY" TOINSTANCETYPE ="Expression"/>
        <CONNECTOR FROMFIELD ="FACULTY_QUALIFICATION" FROMINSTANCE ="LKP_CDW_UAS_FACULTY" FROMINSTANCETYPE ="Lookup Procedure" TOFIELD ="LKP_FACULTY_QUALIFICATION" TOINSTANCE ="EXP_CDW_UAS_FACULTY" TOINSTANCETYPE ="Expression"/>
        <CONNECTOR FROMFIELD ="FACULTY_CODE" FROMINSTANCE ="EXP_CDW_UAS_FACULTY" FROMINSTANCETYPE ="Expression" TOFIELD ="FACULTY_CODE" TOINSTANCE ="Rtr_CDW_UAS_FACULTY" TOINSTANCETYPE ="Router"/>
        <CONNECTOR FROMFIELD ="FACULTY_NAME" FROMINSTANCE ="EXP_CDW_UAS_FACULTY" FROMINSTANCETYPE ="Expression" TOFIELD ="FACULTY_NAME" TOINSTANCE ="Rtr_CDW_UAS_FACULTY" TOINSTANCETYPE ="Router"/>
        <CONNECTOR FROMFIELD ="FACULTY_DESIGNATION" FROMINSTANCE ="EXP_CDW_UAS_FACULTY" FROMINSTANCETYPE ="Expression" TOFIELD ="FACULTY_DESIGNATION" TOINSTANCE ="Rtr_CDW_UAS_FACULTY" TOINSTANCETYPE ="Router"/>
        <CONNECTOR FROMFIELD ="FACULTY_QUALIFICATION" FROMINSTANCE ="EXP_CDW_UAS_FACULTY" FROMINSTANCETYPE ="Expression" TOFIELD ="FACULTY_QUALIFICATION" TOINSTANCE ="Rtr_CDW_UAS_FACULTY" TOINSTANCETYPE ="Router"/>
        <CONNECTOR FROMFIELD ="newrecord_Insert" FROMINSTANCE ="EXP_CDW_UAS_FACULTY" FROMINSTANCETYPE ="Expression" TOFIELD ="Newrecord_Insert" TOINSTANCE ="Rtr_CDW_UAS_FACULTY" TOINSTANCETYPE ="Router"/>
        <CONNECTOR FROMFIELD ="Existingrecord_Update" FROMINSTANCE ="EXP_CDW_UAS_FACULTY" FROMINSTANCETYPE ="Expression" TOFIELD ="Existingrecord_Update" TOINSTANCE ="Rtr_CDW_UAS_FACULTY" TOINSTANCETYPE ="Router"/>
        <CONNECTOR FROMFIELD ="FACULTY_CODE3" FROMINSTANCE ="Rtr_CDW_UAS_FACULTY" FROMINSTANCETYPE ="Router" TOFIELD ="FACULTY_CODE3" TOINSTANCE ="Up_CDW_UAS_FACULTY" TOINSTANCETYPE ="Update Strategy"/>
        <CONNECTOR FROMFIELD ="FACULTY_NAME3" FROMINSTANCE ="Rtr_CDW_UAS_FACULTY" FROMINSTANCETYPE ="Router" TOFIELD ="FACULTY_NAME3" TOINSTANCE ="Up_CDW_UAS_FACULTY" TOINSTANCETYPE ="Update Strategy"/>
        <CONNECTOR FROMFIELD ="FACULTY_DESIGNATION3" FROMINSTANCE ="Rtr_CDW_UAS_FACULTY" FROMINSTANCETYPE ="Router" TOFIELD ="FACULTY_DESIGNATION3" TOINSTANCE ="Up_CDW_UAS_FACULTY" TOINSTANCETYPE ="Update Strategy"/>
        <CONNECTOR FROMFIELD ="FACULTY_QUALIFICATION3" FROMINSTANCE ="Rtr_CDW_UAS_FACULTY" FROMINSTANCETYPE ="Router" TOFIELD ="FACULTY_QUALIFICATION3" TOINSTANCE ="Up_CDW_UAS_FACULTY" TOINSTANCETYPE ="Update Strategy"/>
        <TARGETLOADORDER ORDER ="1" TARGETINSTANCE ="CDW_UAS_D_FACULTY_UPDATE"/>
        <TARGETLOADORDER ORDER ="1" TARGETINSTANCE ="CDW_UAS_D_FACULTY_INSERT"/>
        <ERPINFO/>
    </MAPPING>
</FOLDER>
</REPOSITORY>
</POWERMART>