<?xml version="1.0" encoding="Windows-1252"?>
<!DOCTYPE POWERMART SYSTEM "powrmart.dtd">
<POWERMART CREATION_DATE="05/25/2022 23:09:52" REPOSITORY_VERSION="186.95">
<REPOSITORY NAME="Repo_Academy" VERSION="186" CODEPAGE="MS1252" DATABASETYPE="Oracle">
<FOLDER NAME="Training_Academy" GROUP="" OWNER="infouser" SHARED="NOTSHARED" DESCRIPTION="" PERMISSIONS="rwx---r--" UUID="80c0db5a-08b0-4b43-b8e0-28b3bf1d0ac9">
    <SOURCE BUSINESSNAME ="" DATABASETYPE ="Oracle" DBDNAME ="Training_Academy" DESCRIPTION ="" NAME ="CDW_UAS_STG_RESULT_IN" OBJECTVERSION ="1" OWNERNAME ="INFOADMIN" VERSIONNUMBER ="1">
        <SOURCEFIELD BUSINESSNAME ="" DATATYPE ="number(p,s)" DESCRIPTION ="" FIELDNUMBER ="1" FIELDPROPERTY ="0" FIELDTYPE ="ELEMITEM" HIDDEN ="NO" KEYTYPE ="NOT A KEY" LENGTH ="7" LEVEL ="0" NAME ="CDW_P_RESULT_DSET_KEY" NULLABLE ="NULL" OCCURS ="0" OFFSET ="0" PHYSICALLENGTH ="5" PHYSICALOFFSET ="0" PICTURETEXT ="" PRECISION ="5" SCALE ="0" USAGE_FLAGS =""/>
        <SOURCEFIELD BUSINESSNAME ="" DATATYPE ="nvarchar2" DESCRIPTION ="" FIELDNUMBER ="2" FIELDPROPERTY ="0" FIELDTYPE ="ELEMITEM" HIDDEN ="NO" KEYTYPE ="NOT A KEY" LENGTH ="0" LEVEL ="0" NAME ="RESULT_F_PERIOD_KEY" NULLABLE ="NULL" OCCURS ="0" OFFSET ="7" PHYSICALLENGTH ="26" PHYSICALOFFSET ="5" PICTURETEXT ="" PRECISION ="26" SCALE ="0" USAGE_FLAGS =""/>
        <SOURCEFIELD BUSINESSNAME ="" DATATYPE ="nvarchar2" DESCRIPTION ="" FIELDNUMBER ="3" FIELDPROPERTY ="0" FIELDTYPE ="ELEMITEM" HIDDEN ="NO" KEYTYPE ="NOT A KEY" LENGTH ="0" LEVEL ="0" NAME ="RESULT_F_STUDENT_KEY" NULLABLE ="NULL" OCCURS ="0" OFFSET ="7" PHYSICALLENGTH ="26" PHYSICALOFFSET ="31" PICTURETEXT ="" PRECISION ="26" SCALE ="0" USAGE_FLAGS =""/>
        <SOURCEFIELD BUSINESSNAME ="" DATATYPE ="number(p,s)" DESCRIPTION ="" FIELDNUMBER ="4" FIELDPROPERTY ="0" FIELDTYPE ="ELEMITEM" HIDDEN ="NO" KEYTYPE ="NOT A KEY" LENGTH ="6" LEVEL ="0" NAME ="RESULT_F_DEPARTMENT_KEY" NULLABLE ="NULL" OCCURS ="0" OFFSET ="7" PHYSICALLENGTH ="4" PHYSICALOFFSET ="57" PICTURETEXT ="" PRECISION ="4" SCALE ="0" USAGE_FLAGS =""/>
        <SOURCEFIELD BUSINESSNAME ="" DATATYPE ="number(p,s)" DESCRIPTION ="" FIELDNUMBER ="5" FIELDPROPERTY ="0" FIELDTYPE ="ELEMITEM" HIDDEN ="NO" KEYTYPE ="NOT A KEY" LENGTH ="8" LEVEL ="0" NAME ="RESULT_F_COLLEGE_CODE" NULLABLE ="NULL" OCCURS ="0" OFFSET ="13" PHYSICALLENGTH ="6" PHYSICALOFFSET ="61" PICTURETEXT ="" PRECISION ="6" SCALE ="0" USAGE_FLAGS =""/>
        <SOURCEFIELD BUSINESSNAME ="" DATATYPE ="nvarchar2" DESCRIPTION ="" FIELDNUMBER ="6" FIELDPROPERTY ="0" FIELDTYPE ="ELEMITEM" HIDDEN ="NO" KEYTYPE ="NOT A KEY" LENGTH ="0" LEVEL ="0" NAME ="RESULT_F_COLLEGE_NAME" NULLABLE ="NULL" OCCURS ="0" OFFSET ="21" PHYSICALLENGTH ="26" PHYSICALOFFSET ="67" PICTURETEXT ="" PRECISION ="26" SCALE ="0" USAGE_FLAGS =""/>
        <SOURCEFIELD BUSINESSNAME ="" DATATYPE ="number(p,s)" DESCRIPTION ="" FIELDNUMBER ="7" FIELDPROPERTY ="0" FIELDTYPE ="ELEMITEM" HIDDEN ="NO" KEYTYPE ="NOT A KEY" LENGTH ="7" LEVEL ="0" NAME ="RESULT_F_COURSE_CODE" NULLABLE ="NULL" OCCURS ="0" OFFSET ="21" PHYSICALLENGTH ="5" PHYSICALOFFSET ="93" PICTURETEXT ="" PRECISION ="5" SCALE ="0" USAGE_FLAGS =""/>
        <SOURCEFIELD BUSINESSNAME ="" DATATYPE ="nvarchar2" DESCRIPTION ="" FIELDNUMBER ="8" FIELDPROPERTY ="0" FIELDTYPE ="ELEMITEM" HIDDEN ="NO" KEYTYPE ="NOT A KEY" LENGTH ="0" LEVEL ="0" NAME ="RESULT_F_COURSE_NAME" NULLABLE ="NULL" OCCURS ="0" OFFSET ="28" PHYSICALLENGTH ="26" PHYSICALOFFSET ="98" PICTURETEXT ="" PRECISION ="26" SCALE ="0" USAGE_FLAGS =""/>
        <SOURCEFIELD BUSINESSNAME ="" DATATYPE ="number(p,s)" DESCRIPTION ="" FIELDNUMBER ="9" FIELDPROPERTY ="0" FIELDTYPE ="ELEMITEM" HIDDEN ="NO" KEYTYPE ="NOT A KEY" LENGTH ="12" LEVEL ="0" NAME ="RESULT_F_FACULTY_NO" NULLABLE ="NULL" OCCURS ="0" OFFSET ="28" PHYSICALLENGTH ="10" PHYSICALOFFSET ="124" PICTURETEXT ="" PRECISION ="10" SCALE ="0" USAGE_FLAGS =""/>
        <SOURCEFIELD BUSINESSNAME ="" DATATYPE ="number(p,s)" DESCRIPTION ="" FIELDNUMBER ="10" FIELDPROPERTY ="0" FIELDTYPE ="ELEMITEM" HIDDEN ="NO" KEYTYPE ="NOT A KEY" LENGTH ="6" LEVEL ="0" NAME ="RESULT_MARKS" NULLABLE ="NULL" OCCURS ="0" OFFSET ="40" PHYSICALLENGTH ="4" PHYSICALOFFSET ="134" PICTURETEXT ="" PRECISION ="4" SCALE ="0" USAGE_FLAGS =""/>
        <SOURCEFIELD BUSINESSNAME ="" DATATYPE ="nvarchar2" DESCRIPTION ="" FIELDNUMBER ="11" FIELDPROPERTY ="0" FIELDTYPE ="ELEMITEM" HIDDEN ="NO" KEYTYPE ="NOT A KEY" LENGTH ="0" LEVEL ="0" NAME ="RESULT_GRADE" NULLABLE ="NULL" OCCURS ="0" OFFSET ="46" PHYSICALLENGTH ="26" PHYSICALOFFSET ="138" PICTURETEXT ="" PRECISION ="26" SCALE ="0" USAGE_FLAGS =""/>
        <SOURCEFIELD BUSINESSNAME ="" DATATYPE ="nvarchar2" DESCRIPTION ="" FIELDNUMBER ="12" FIELDPROPERTY ="0" FIELDTYPE ="ELEMITEM" HIDDEN ="NO" KEYTYPE ="NOT A KEY" LENGTH ="0" LEVEL ="0" NAME ="CREATED_DATE" NULLABLE ="NULL" OCCURS ="0" OFFSET ="46" PHYSICALLENGTH ="128" PHYSICALOFFSET ="164" PICTURETEXT ="" PRECISION ="128" SCALE ="0" USAGE_FLAGS =""/>
        <SOURCEFIELD BUSINESSNAME ="" DATATYPE ="nvarchar2" DESCRIPTION ="" FIELDNUMBER ="13" FIELDPROPERTY ="0" FIELDTYPE ="ELEMITEM" HIDDEN ="NO" KEYTYPE ="NOT A KEY" LENGTH ="0" LEVEL ="0" NAME ="CREATED_BY" NULLABLE ="NULL" OCCURS ="0" OFFSET ="46" PHYSICALLENGTH ="26" PHYSICALOFFSET ="292" PICTURETEXT ="" PRECISION ="26" SCALE ="0" USAGE_FLAGS =""/>
    </SOURCE>
</FOLDER>
</REPOSITORY>
</POWERMART>