<?xml version='1.0'  encoding='Cp1252' ?>
<RESULTS>
	<ROW>
		<COLUMN NAME="CDW_XYZ_F_RESULT_DSET_KEY"><![CDATA[148]]></COLUMN>
		<COLUMN NAME="RESULT_F_PERIOD_KEY"><![CDATA[21-MAR-20]]></COLUMN>
		<COLUMN NAME="RESULT_F_STUDENT_KEY"><![CDATA[]]></COLUMN>
		<COLUMN NAME="RESULT_F_DEPARTMENT_KEY"><![CDATA[1]]></COLUMN>
		<COLUMN NAME="RESULT_F_COLLEGE_CODE"><![CDATA[1000]]></COLUMN>
		<COLUMN NAME="RESULT_F_COLLEGE_NAME"><![CDATA[VIT]]></COLUMN>
		<COLUMN NAME="RESULT_F_COURSE_CODE"><![CDATA[121]]></COLUMN>
		<COLUMN NAME="RESULT_F_COURSE_NAME"><![CDATA[Applied Arts]]></COLUMN>
		<COLUMN NAME="RESULT_F_FACULTY_NO"><![CDATA[10000001]]></COLUMN>
		<COLUMN NAME="RESULT_MARKS"><![CDATA[89]]></COLUMN>
		<COLUMN NAME="RESULT_GRADE"><![CDATA[PASS]]></COLUMN>
		<COLUMN NAME="CREATED_DATE"><![CDATA[24-MAY-22 02.37.34.000000000 PM]]></COLUMN>
		<COLUMN NAME="CREATED_BY"><![CDATA[wf_m_STG_R]]></COLUMN>
	</ROW>
	<ROW>
		<COLUMN NAME="CDW_XYZ_F_RESULT_DSET_KEY"><![CDATA[149]]></COLUMN>
		<COLUMN NAME="RESULT_F_PERIOD_KEY"><![CDATA[21-APR-20]]></COLUMN>
		<COLUMN NAME="RESULT_F_STUDENT_KEY"><![CDATA[]]></COLUMN>
		<COLUMN NAME="RESULT_F_DEPARTMENT_KEY"><![CDATA[2]]></COLUMN>
		<COLUMN NAME="RESULT_F_COLLEGE_CODE"><![CDATA[]]></COLUMN>
		<COLUMN NAME="RESULT_F_COLLEGE_NAME"><![CDATA[VTRS]]></COLUMN>
		<COLUMN NAME="RESULT_F_COURSE_CODE"><![CDATA[]]></COLUMN>
		<COLUMN NAME="RESULT_F_COURSE_NAME"><![CDATA[Data Structure]]></COLUMN>
		<COLUMN NAME="RESULT_F_FACULTY_NO"><![CDATA[10000002]]></COLUMN>
		<COLUMN NAME="RESULT_MARKS"><![CDATA[78]]></COLUMN>
		<COLUMN NAME="RESULT_GRADE"><![CDATA[FAIL]]></COLUMN>
		<COLUMN NAME="CREATED_DATE"><![CDATA[24-MAY-22 02.37.34.000000000 PM]]></COLUMN>
		<COLUMN NAME="CREATED_BY"><![CDATA[wf_m_STG_R]]></COLUMN>
	</ROW>
	<ROW>
		<COLUMN NAME="CDW_XYZ_F_RESULT_DSET_KEY"><![CDATA[150]]></COLUMN>
		<COLUMN NAME="RESULT_F_PERIOD_KEY"><![CDATA[21-MAY-20]]></COLUMN>
		<COLUMN NAME="RESULT_F_STUDENT_KEY"><![CDATA[]]></COLUMN>
		<COLUMN NAME="RESULT_F_DEPARTMENT_KEY"><![CDATA[3]]></COLUMN>
		<COLUMN NAME="RESULT_F_COLLEGE_CODE"><![CDATA[3000]]></COLUMN>
		<COLUMN NAME="RESULT_F_COLLEGE_NAME"><![CDATA[VELTECH]]></COLUMN>
		<COLUMN NAME="RESULT_F_COURSE_CODE"><![CDATA[]]></COLUMN>
		<COLUMN NAME="RESULT_F_COURSE_NAME"><![CDATA[Fluid Mechanic]]></COLUMN>
		<COLUMN NAME="RESULT_F_FACULTY_NO"><![CDATA[20000001]]></COLUMN>
		<COLUMN NAME="RESULT_MARKS"><![CDATA[93]]></COLUMN>
		<COLUMN NAME="RESULT_GRADE"><![CDATA[FAIL]]></COLUMN>
		<COLUMN NAME="CREATED_DATE"><![CDATA[24-MAY-22 02.37.34.000000000 PM]]></COLUMN>
		<COLUMN NAME="CREATED_BY"><![CDATA[wf_m_STG_R]]></COLUMN>
	</ROW>
	<ROW>
		<COLUMN NAME="CDW_XYZ_F_RESULT_DSET_KEY"><![CDATA[151]]></COLUMN>
		<COLUMN NAME="RESULT_F_PERIOD_KEY"><![CDATA[21-JUN-20]]></COLUMN>
		<COLUMN NAME="RESULT_F_STUDENT_KEY"><![CDATA[]]></COLUMN>
		<COLUMN NAME="RESULT_F_DEPARTMENT_KEY"><![CDATA[4]]></COLUMN>
		<COLUMN NAME="RESULT_F_COLLEGE_CODE"><![CDATA[4000]]></COLUMN>
		<COLUMN NAME="RESULT_F_COLLEGE_NAME"><![CDATA[BIT Mesra]]></COLUMN>
		<COLUMN NAME="RESULT_F_COURSE_CODE"><![CDATA[]]></COLUMN>
		<COLUMN NAME="RESULT_F_COURSE_NAME"><![CDATA[Environmental ]]></COLUMN>
		<COLUMN NAME="RESULT_F_FACULTY_NO"><![CDATA[20000002]]></COLUMN>
		<COLUMN NAME="RESULT_MARKS"><![CDATA[87]]></COLUMN>
		<COLUMN NAME="RESULT_GRADE"><![CDATA[FAIL]]></COLUMN>
		<COLUMN NAME="CREATED_DATE"><![CDATA[24-MAY-22 02.37.34.000000000 PM]]></COLUMN>
		<COLUMN NAME="CREATED_BY"><![CDATA[wf_m_STG_R]]></COLUMN>
	</ROW>
	<ROW>
		<COLUMN NAME="CDW_XYZ_F_RESULT_DSET_KEY"><![CDATA[152]]></COLUMN>
		<COLUMN NAME="RESULT_F_PERIOD_KEY"><![CDATA[21-JUL-20]]></COLUMN>
		<COLUMN NAME="RESULT_F_STUDENT_KEY"><![CDATA[]]></COLUMN>
		<COLUMN NAME="RESULT_F_DEPARTMENT_KEY"><![CDATA[5]]></COLUMN>
		<COLUMN NAME="RESULT_F_COLLEGE_CODE"><![CDATA[5000]]></COLUMN>
		<COLUMN NAME="RESULT_F_COLLEGE_NAME"><![CDATA[Haldia]]></COLUMN>
		<COLUMN NAME="RESULT_F_COURSE_CODE"><![CDATA[214]]></COLUMN>
		<COLUMN NAME="RESULT_F_COURSE_NAME"><![CDATA[Thermodynamics]]></COLUMN>
		<COLUMN NAME="RESULT_F_FACULTY_NO"><![CDATA[30000002]]></COLUMN>
		<COLUMN NAME="RESULT_MARKS"><![CDATA[98]]></COLUMN>
		<COLUMN NAME="RESULT_GRADE"><![CDATA[PASS]]></COLUMN>
		<COLUMN NAME="CREATED_DATE"><![CDATA[24-MAY-22 02.37.34.000000000 PM]]></COLUMN>
		<COLUMN NAME="CREATED_BY"><![CDATA[wf_m_STG_R]]></COLUMN>
	</ROW>
	<ROW>
		<COLUMN NAME="CDW_XYZ_F_RESULT_DSET_KEY"><![CDATA[153]]></COLUMN>
		<COLUMN NAME="RESULT_F_PERIOD_KEY"><![CDATA[21-AUG-20]]></COLUMN>
		<COLUMN NAME="RESULT_F_STUDENT_KEY"><![CDATA[]]></COLUMN>
		<COLUMN NAME="RESULT_F_DEPARTMENT_KEY"><![CDATA[6]]></COLUMN>
		<COLUMN NAME="RESULT_F_COLLEGE_CODE"><![CDATA[6000]]></COLUMN>
		<COLUMN NAME="RESULT_F_COLLEGE_NAME"><![CDATA[Heritage]]></COLUMN>
		<COLUMN NAME="RESULT_F_COURSE_CODE"><![CDATA[]]></COLUMN>
		<COLUMN NAME="RESULT_F_COURSE_NAME"><![CDATA[Control System]]></COLUMN>
		<COLUMN NAME="RESULT_F_FACULTY_NO"><![CDATA[30000001]]></COLUMN>
		<COLUMN NAME="RESULT_MARKS"><![CDATA[89]]></COLUMN>
		<COLUMN NAME="RESULT_GRADE"><![CDATA[FAIL]]></COLUMN>
		<COLUMN NAME="CREATED_DATE"><![CDATA[24-MAY-22 02.37.34.000000000 PM]]></COLUMN>
		<COLUMN NAME="CREATED_BY"><![CDATA[wf_m_STG_R]]></COLUMN>
	</ROW>
	<ROW>
		<COLUMN NAME="CDW_XYZ_F_RESULT_DSET_KEY"><![CDATA[154]]></COLUMN>
		<COLUMN NAME="RESULT_F_PERIOD_KEY"><![CDATA[21-SEP-20]]></COLUMN>
		<COLUMN NAME="RESULT_F_STUDENT_KEY"><![CDATA[]]></COLUMN>
		<COLUMN NAME="RESULT_F_DEPARTMENT_KEY"><![CDATA[7]]></COLUMN>
		<COLUMN NAME="RESULT_F_COLLEGE_CODE"><![CDATA[7000]]></COLUMN>
		<COLUMN NAME="RESULT_F_COLLEGE_NAME"><![CDATA[BITs Pilani]]></COLUMN>
		<COLUMN NAME="RESULT_F_COURSE_CODE"><![CDATA[]]></COLUMN>
		<COLUMN NAME="RESULT_F_COURSE_NAME"><![CDATA[Physical Metal]]></COLUMN>
		<COLUMN NAME="RESULT_F_FACULTY_NO"><![CDATA[40000001]]></COLUMN>
		<COLUMN NAME="RESULT_MARKS"><![CDATA[77]]></COLUMN>
		<COLUMN NAME="RESULT_GRADE"><![CDATA[FAIL]]></COLUMN>
		<COLUMN NAME="CREATED_DATE"><![CDATA[24-MAY-22 02.37.34.000000000 PM]]></COLUMN>
		<COLUMN NAME="CREATED_BY"><![CDATA[wf_m_STG_R]]></COLUMN>
	</ROW>
	<ROW>
		<COLUMN NAME="CDW_XYZ_F_RESULT_DSET_KEY"><![CDATA[155]]></COLUMN>
		<COLUMN NAME="RESULT_F_PERIOD_KEY"><![CDATA[21-OCT-20]]></COLUMN>
		<COLUMN NAME="RESULT_F_STUDENT_KEY"><![CDATA[]]></COLUMN>
		<COLUMN NAME="RESULT_F_DEPARTMENT_KEY"><![CDATA[8]]></COLUMN>
		<COLUMN NAME="RESULT_F_COLLEGE_CODE"><![CDATA[8000]]></COLUMN>
		<COLUMN NAME="RESULT_F_COLLEGE_NAME"><![CDATA[MIT]]></COLUMN>
		<COLUMN NAME="RESULT_F_COURSE_CODE"><![CDATA[124]]></COLUMN>
		<COLUMN NAME="RESULT_F_COURSE_NAME"><![CDATA[Human Anatomy]]></COLUMN>
		<COLUMN NAME="RESULT_F_FACULTY_NO"><![CDATA[40000002]]></COLUMN>
		<COLUMN NAME="RESULT_MARKS"><![CDATA[72]]></COLUMN>
		<COLUMN NAME="RESULT_GRADE"><![CDATA[PASS]]></COLUMN>
		<COLUMN NAME="CREATED_DATE"><![CDATA[24-MAY-22 02.37.34.000000000 PM]]></COLUMN>
		<COLUMN NAME="CREATED_BY"><![CDATA[wf_m_STG_R]]></COLUMN>
	</ROW>
	<ROW>
		<COLUMN NAME="CDW_XYZ_F_RESULT_DSET_KEY"><![CDATA[156]]></COLUMN>
		<COLUMN NAME="RESULT_F_PERIOD_KEY"><![CDATA[21-NOV-20]]></COLUMN>
		<COLUMN NAME="RESULT_F_STUDENT_KEY"><![CDATA[]]></COLUMN>
		<COLUMN NAME="RESULT_F_DEPARTMENT_KEY"><![CDATA[9]]></COLUMN>
		<COLUMN NAME="RESULT_F_COLLEGE_CODE"><![CDATA[9000]]></COLUMN>
		<COLUMN NAME="RESULT_F_COLLEGE_NAME"><![CDATA[Nit Patna]]></COLUMN>
		<COLUMN NAME="RESULT_F_COURSE_CODE"><![CDATA[225]]></COLUMN>
		<COLUMN NAME="RESULT_F_COURSE_NAME"><![CDATA[Psychology]]></COLUMN>
		<COLUMN NAME="RESULT_F_FACULTY_NO"><![CDATA[50000001]]></COLUMN>
		<COLUMN NAME="RESULT_MARKS"><![CDATA[88]]></COLUMN>
		<COLUMN NAME="RESULT_GRADE"><![CDATA[PASS]]></COLUMN>
		<COLUMN NAME="CREATED_DATE"><![CDATA[24-MAY-22 02.37.34.000000000 PM]]></COLUMN>
		<COLUMN NAME="CREATED_BY"><![CDATA[wf_m_STG_R]]></COLUMN>
	</ROW>
	<ROW>
		<COLUMN NAME="CDW_XYZ_F_RESULT_DSET_KEY"><![CDATA[157]]></COLUMN>
		<COLUMN NAME="RESULT_F_PERIOD_KEY"><![CDATA[21-DEC-20]]></COLUMN>
		<COLUMN NAME="RESULT_F_STUDENT_KEY"><![CDATA[]]></COLUMN>
		<COLUMN NAME="RESULT_F_DEPARTMENT_KEY"><![CDATA[10]]></COLUMN>
		<COLUMN NAME="RESULT_F_COLLEGE_CODE"><![CDATA[1010]]></COLUMN>
		<COLUMN NAME="RESULT_F_COLLEGE_NAME"><![CDATA[NIIT]]></COLUMN>
		<COLUMN NAME="RESULT_F_COURSE_CODE"><![CDATA[316]]></COLUMN>
		<COLUMN NAME="RESULT_F_COURSE_NAME"><![CDATA[Supply Chain]]></COLUMN>
		<COLUMN NAME="RESULT_F_FACULTY_NO"><![CDATA[50000002]]></COLUMN>
		<COLUMN NAME="RESULT_MARKS"><![CDATA[89]]></COLUMN>
		<COLUMN NAME="RESULT_GRADE"><![CDATA[PASS]]></COLUMN>
		<COLUMN NAME="CREATED_DATE"><![CDATA[24-MAY-22 02.37.34.000000000 PM]]></COLUMN>
		<COLUMN NAME="CREATED_BY"><![CDATA[wf_m_STG_R]]></COLUMN>
	</ROW>
	<ROW>
		<COLUMN NAME="CDW_XYZ_F_RESULT_DSET_KEY"><![CDATA[158]]></COLUMN>
		<COLUMN NAME="RESULT_F_PERIOD_KEY"><![CDATA[22-JAN-20]]></COLUMN>
		<COLUMN NAME="RESULT_F_STUDENT_KEY"><![CDATA[]]></COLUMN>
		<COLUMN NAME="RESULT_F_DEPARTMENT_KEY"><![CDATA[11]]></COLUMN>
		<COLUMN NAME="RESULT_F_COLLEGE_CODE"><![CDATA[1111]]></COLUMN>
		<COLUMN NAME="RESULT_F_COLLEGE_NAME"><![CDATA[IIT Mumbai]]></COLUMN>
		<COLUMN NAME="RESULT_F_COURSE_CODE"><![CDATA[]]></COLUMN>
		<COLUMN NAME="RESULT_F_COURSE_NAME"><![CDATA[Object Oriente]]></COLUMN>
		<COLUMN NAME="RESULT_F_FACULTY_NO"><![CDATA[60000001]]></COLUMN>
		<COLUMN NAME="RESULT_MARKS"><![CDATA[93]]></COLUMN>
		<COLUMN NAME="RESULT_GRADE"><![CDATA[FAIL]]></COLUMN>
		<COLUMN NAME="CREATED_DATE"><![CDATA[24-MAY-22 02.37.34.000000000 PM]]></COLUMN>
		<COLUMN NAME="CREATED_BY"><![CDATA[wf_m_STG_R]]></COLUMN>
	</ROW>
	<ROW>
		<COLUMN NAME="CDW_XYZ_F_RESULT_DSET_KEY"><![CDATA[159]]></COLUMN>
		<COLUMN NAME="RESULT_F_PERIOD_KEY"><![CDATA[22-FEB-20]]></COLUMN>
		<COLUMN NAME="RESULT_F_STUDENT_KEY"><![CDATA[]]></COLUMN>
		<COLUMN NAME="RESULT_F_DEPARTMENT_KEY"><![CDATA[12]]></COLUMN>
		<COLUMN NAME="RESULT_F_COLLEGE_CODE"><![CDATA[1212]]></COLUMN>
		<COLUMN NAME="RESULT_F_COLLEGE_NAME"><![CDATA[IIT Kharagpur]]></COLUMN>
		<COLUMN NAME="RESULT_F_COURSE_CODE"><![CDATA[]]></COLUMN>
		<COLUMN NAME="RESULT_F_COURSE_NAME"><![CDATA[Signals and Sy]]></COLUMN>
		<COLUMN NAME="RESULT_F_FACULTY_NO"><![CDATA[60000002]]></COLUMN>
		<COLUMN NAME="RESULT_MARKS"><![CDATA[97]]></COLUMN>
		<COLUMN NAME="RESULT_GRADE"><![CDATA[FAIL]]></COLUMN>
		<COLUMN NAME="CREATED_DATE"><![CDATA[24-MAY-22 02.37.34.000000000 PM]]></COLUMN>
		<COLUMN NAME="CREATED_BY"><![CDATA[wf_m_STG_R]]></COLUMN>
	</ROW>
	<ROW>
		<COLUMN NAME="CDW_XYZ_F_RESULT_DSET_KEY"><![CDATA[162]]></COLUMN>
		<COLUMN NAME="RESULT_F_PERIOD_KEY"><![CDATA[21-MAR-20]]></COLUMN>
		<COLUMN NAME="RESULT_F_STUDENT_KEY"><![CDATA[]]></COLUMN>
		<COLUMN NAME="RESULT_F_DEPARTMENT_KEY"><![CDATA[1]]></COLUMN>
		<COLUMN NAME="RESULT_F_COLLEGE_CODE"><![CDATA[1000]]></COLUMN>
		<COLUMN NAME="RESULT_F_COLLEGE_NAME"><![CDATA[VIT]]></COLUMN>
		<COLUMN NAME="RESULT_F_COURSE_CODE"><![CDATA[121]]></COLUMN>
		<COLUMN NAME="RESULT_F_COURSE_NAME"><![CDATA[Applied Arts]]></COLUMN>
		<COLUMN NAME="RESULT_F_FACULTY_NO"><![CDATA[10000001]]></COLUMN>
		<COLUMN NAME="RESULT_MARKS"><![CDATA[89]]></COLUMN>
		<COLUMN NAME="RESULT_GRADE"><![CDATA[PASS]]></COLUMN>
		<COLUMN NAME="CREATED_DATE"><![CDATA[24-MAY-22 02.37.34.000000000 PM]]></COLUMN>
		<COLUMN NAME="CREATED_BY"><![CDATA[wf_m_STG_R]]></COLUMN>
	</ROW>
	<ROW>
		<COLUMN NAME="CDW_XYZ_F_RESULT_DSET_KEY"><![CDATA[163]]></COLUMN>
		<COLUMN NAME="RESULT_F_PERIOD_KEY"><![CDATA[21-APR-20]]></COLUMN>
		<COLUMN NAME="RESULT_F_STUDENT_KEY"><![CDATA[]]></COLUMN>
		<COLUMN NAME="RESULT_F_DEPARTMENT_KEY"><![CDATA[2]]></COLUMN>
		<COLUMN NAME="RESULT_F_COLLEGE_CODE"><![CDATA[]]></COLUMN>
		<COLUMN NAME="RESULT_F_COLLEGE_NAME"><![CDATA[VTRS]]></COLUMN>
		<COLUMN NAME="RESULT_F_COURSE_CODE"><![CDATA[]]></COLUMN>
		<COLUMN NAME="RESULT_F_COURSE_NAME"><![CDATA[Data Structure]]></COLUMN>
		<COLUMN NAME="RESULT_F_FACULTY_NO"><![CDATA[10000002]]></COLUMN>
		<COLUMN NAME="RESULT_MARKS"><![CDATA[78]]></COLUMN>
		<COLUMN NAME="RESULT_GRADE"><![CDATA[FAIL]]></COLUMN>
		<COLUMN NAME="CREATED_DATE"><![CDATA[24-MAY-22 02.37.34.000000000 PM]]></COLUMN>
		<COLUMN NAME="CREATED_BY"><![CDATA[wf_m_STG_R]]></COLUMN>
	</ROW>
	<ROW>
		<COLUMN NAME="CDW_XYZ_F_RESULT_DSET_KEY"><![CDATA[164]]></COLUMN>
		<COLUMN NAME="RESULT_F_PERIOD_KEY"><![CDATA[21-MAY-20]]></COLUMN>
		<COLUMN NAME="RESULT_F_STUDENT_KEY"><![CDATA[]]></COLUMN>
		<COLUMN NAME="RESULT_F_DEPARTMENT_KEY"><![CDATA[3]]></COLUMN>
		<COLUMN NAME="RESULT_F_COLLEGE_CODE"><![CDATA[3000]]></COLUMN>
		<COLUMN NAME="RESULT_F_COLLEGE_NAME"><![CDATA[VELTECH]]></COLUMN>
		<COLUMN NAME="RESULT_F_COURSE_CODE"><![CDATA[]]></COLUMN>
		<COLUMN NAME="RESULT_F_COURSE_NAME"><![CDATA[Fluid Mechanic]]></COLUMN>
		<COLUMN NAME="RESULT_F_FACULTY_NO"><![CDATA[20000001]]></COLUMN>
		<COLUMN NAME="RESULT_MARKS"><![CDATA[93]]></COLUMN>
		<COLUMN NAME="RESULT_GRADE"><![CDATA[FAIL]]></COLUMN>
		<COLUMN NAME="CREATED_DATE"><![CDATA[24-MAY-22 02.37.34.000000000 PM]]></COLUMN>
		<COLUMN NAME="CREATED_BY"><![CDATA[wf_m_STG_R]]></COLUMN>
	</ROW>
	<ROW>
		<COLUMN NAME="CDW_XYZ_F_RESULT_DSET_KEY"><![CDATA[]]></COLUMN>
		<COLUMN NAME="RESULT_F_PERIOD_KEY"><![CDATA[]]></COLUMN>
		<COLUMN NAME="RESULT_F_STUDENT_KEY"><![CDATA[]]></COLUMN>
		<COLUMN NAME="RESULT_F_DEPARTMENT_KEY"><![CDATA[]]></COLUMN>
		<COLUMN NAME="RESULT_F_COLLEGE_CODE"><![CDATA[]]></COLUMN>
		<COLUMN NAME="RESULT_F_COLLEGE_NAME"><![CDATA[]]></COLUMN>
		<COLUMN NAME="RESULT_F_COURSE_CODE"><![CDATA[]]></COLUMN>
		<COLUMN NAME="RESULT_F_COURSE_NAME"><![CDATA[]]></COLUMN>
		<COLUMN NAME="RESULT_F_FACULTY_NO"><![CDATA[]]></COLUMN>
		<COLUMN NAME="RESULT_MARKS"><![CDATA[]]></COLUMN>
		<COLUMN NAME="RESULT_GRADE"><![CDATA[]]></COLUMN>
		<COLUMN NAME="CREATED_DATE"><![CDATA[]]></COLUMN>
		<COLUMN NAME="CREATED_BY"><![CDATA[]]></COLUMN>
	</ROW>
</RESULTS>