<?xml version="1.0" encoding="Windows-1252"?>
<!DOCTYPE POWERMART SYSTEM "powrmart.dtd">
<POWERMART CREATION_DATE="05/26/2022 11:47:30" REPOSITORY_VERSION="186.95">
<REPOSITORY NAME="Repo_Academy" VERSION="186" CODEPAGE="MS1252" DATABASETYPE="Oracle">
<FOLDER NAME="Training_Academy" GROUP="" OWNER="infouser" SHARED="NOTSHARED" DESCRIPTION="" PERMISSIONS="rwx---r--" UUID="80c0db5a-08b0-4b43-b8e0-28b3bf1d0ac9">
    <SOURCE BUSINESSNAME ="" DATABASETYPE ="Oracle" DBDNAME ="Training_Academy" DESCRIPTION ="" NAME ="CDW_UAS_STG_RESULT_IN" OBJECTVERSION ="1" OWNERNAME ="INFOADMIN" VERSIONNUMBER ="1">
        <SOURCEFIELD BUSINESSNAME ="" DATATYPE ="number(p,s)" DESCRIPTION ="" FIELDNUMBER ="1" FIELDPROPERTY ="0" FIELDTYPE ="ELEMITEM" HIDDEN ="NO" KEYTYPE ="NOT A KEY" LENGTH ="7" LEVEL ="0" NAME ="CDW_P_RESULT_DSET_KEY" NULLABLE ="NULL" OCCURS ="0" OFFSET ="0" PHYSICALLENGTH ="5" PHYSICALOFFSET ="0" PICTURETEXT ="" PRECISION ="5" SCALE ="0" USAGE_FLAGS =""/>
        <SOURCEFIELD BUSINESSNAME ="" DATATYPE ="nvarchar2" DESCRIPTION ="" FIELDNUMBER ="2" FIELDPROPERTY ="0" FIELDTYPE ="ELEMITEM" HIDDEN ="NO" KEYTYPE ="NOT A KEY" LENGTH ="0" LEVEL ="0" NAME ="RESULT_F_PERIOD_KEY" NULLABLE ="NULL" OCCURS ="0" OFFSET ="7" PHYSICALLENGTH ="26" PHYSICALOFFSET ="5" PICTURETEXT ="" PRECISION ="26" SCALE ="0" USAGE_FLAGS =""/>
        <SOURCEFIELD BUSINESSNAME ="" DATATYPE ="nvarchar2" DESCRIPTION ="" FIELDNUMBER ="3" FIELDPROPERTY ="0" FIELDTYPE ="ELEMITEM" HIDDEN ="NO" KEYTYPE ="NOT A KEY" LENGTH ="0" LEVEL ="0" NAME ="RESULT_F_STUDENT_KEY" NULLABLE ="NULL" OCCURS ="0" OFFSET ="7" PHYSICALLENGTH ="26" PHYSICALOFFSET ="31" PICTURETEXT ="" PRECISION ="26" SCALE ="0" USAGE_FLAGS =""/>
        <SOURCEFIELD BUSINESSNAME ="" DATATYPE ="number(p,s)" DESCRIPTION ="" FIELDNUMBER ="4" FIELDPROPERTY ="0" FIELDTYPE ="ELEMITEM" HIDDEN ="NO" KEYTYPE ="NOT A KEY" LENGTH ="6" LEVEL ="0" NAME ="RESULT_F_DEPARTMENT_KEY" NULLABLE ="NULL" OCCURS ="0" OFFSET ="7" PHYSICALLENGTH ="4" PHYSICALOFFSET ="57" PICTURETEXT ="" PRECISION ="4" SCALE ="0" USAGE_FLAGS =""/>
        <SOURCEFIELD BUSINESSNAME ="" DATATYPE ="number(p,s)" DESCRIPTION ="" FIELDNUMBER ="5" FIELDPROPERTY ="0" FIELDTYPE ="ELEMITEM" HIDDEN ="NO" KEYTYPE ="NOT A KEY" LENGTH ="8" LEVEL ="0" NAME ="RESULT_F_COLLEGE_CODE" NULLABLE ="NULL" OCCURS ="0" OFFSET ="13" PHYSICALLENGTH ="6" PHYSICALOFFSET ="61" PICTURETEXT ="" PRECISION ="6" SCALE ="0" USAGE_FLAGS =""/>
        <SOURCEFIELD BUSINESSNAME ="" DATATYPE ="nvarchar2" DESCRIPTION ="" FIELDNUMBER ="6" FIELDPROPERTY ="0" FIELDTYPE ="ELEMITEM" HIDDEN ="NO" KEYTYPE ="NOT A KEY" LENGTH ="0" LEVEL ="0" NAME ="RESULT_F_COLLEGE_NAME" NULLABLE ="NULL" OCCURS ="0" OFFSET ="21" PHYSICALLENGTH ="26" PHYSICALOFFSET ="67" PICTURETEXT ="" PRECISION ="26" SCALE ="0" USAGE_FLAGS =""/>
        <SOURCEFIELD BUSINESSNAME ="" DATATYPE ="number(p,s)" DESCRIPTION ="" FIELDNUMBER ="7" FIELDPROPERTY ="0" FIELDTYPE ="ELEMITEM" HIDDEN ="NO" KEYTYPE ="NOT A KEY" LENGTH ="7" LEVEL ="0" NAME ="RESULT_F_COURSE_CODE" NULLABLE ="NULL" OCCURS ="0" OFFSET ="21" PHYSICALLENGTH ="5" PHYSICALOFFSET ="93" PICTURETEXT ="" PRECISION ="5" SCALE ="0" USAGE_FLAGS =""/>
        <SOURCEFIELD BUSINESSNAME ="" DATATYPE ="nvarchar2" DESCRIPTION ="" FIELDNUMBER ="8" FIELDPROPERTY ="0" FIELDTYPE ="ELEMITEM" HIDDEN ="NO" KEYTYPE ="NOT A KEY" LENGTH ="0" LEVEL ="0" NAME ="RESULT_F_COURSE_NAME" NULLABLE ="NULL" OCCURS ="0" OFFSET ="28" PHYSICALLENGTH ="26" PHYSICALOFFSET ="98" PICTURETEXT ="" PRECISION ="26" SCALE ="0" USAGE_FLAGS =""/>
        <SOURCEFIELD BUSINESSNAME ="" DATATYPE ="number(p,s)" DESCRIPTION ="" FIELDNUMBER ="9" FIELDPROPERTY ="0" FIELDTYPE ="ELEMITEM" HIDDEN ="NO" KEYTYPE ="NOT A KEY" LENGTH ="12" LEVEL ="0" NAME ="RESULT_F_FACULTY_NO" NULLABLE ="NULL" OCCURS ="0" OFFSET ="28" PHYSICALLENGTH ="10" PHYSICALOFFSET ="124" PICTURETEXT ="" PRECISION ="10" SCALE ="0" USAGE_FLAGS =""/>
        <SOURCEFIELD BUSINESSNAME ="" DATATYPE ="number(p,s)" DESCRIPTION ="" FIELDNUMBER ="10" FIELDPROPERTY ="0" FIELDTYPE ="ELEMITEM" HIDDEN ="NO" KEYTYPE ="NOT A KEY" LENGTH ="6" LEVEL ="0" NAME ="RESULT_MARKS" NULLABLE ="NULL" OCCURS ="0" OFFSET ="40" PHYSICALLENGTH ="4" PHYSICALOFFSET ="134" PICTURETEXT ="" PRECISION ="4" SCALE ="0" USAGE_FLAGS =""/>
        <SOURCEFIELD BUSINESSNAME ="" DATATYPE ="nvarchar2" DESCRIPTION ="" FIELDNUMBER ="11" FIELDPROPERTY ="0" FIELDTYPE ="ELEMITEM" HIDDEN ="NO" KEYTYPE ="NOT A KEY" LENGTH ="0" LEVEL ="0" NAME ="RESULT_GRADE" NULLABLE ="NULL" OCCURS ="0" OFFSET ="46" PHYSICALLENGTH ="26" PHYSICALOFFSET ="138" PICTURETEXT ="" PRECISION ="26" SCALE ="0" USAGE_FLAGS =""/>
        <SOURCEFIELD BUSINESSNAME ="" DATATYPE ="nvarchar2" DESCRIPTION ="" FIELDNUMBER ="12" FIELDPROPERTY ="0" FIELDTYPE ="ELEMITEM" HIDDEN ="NO" KEYTYPE ="NOT A KEY" LENGTH ="0" LEVEL ="0" NAME ="CREATED_DATE" NULLABLE ="NULL" OCCURS ="0" OFFSET ="46" PHYSICALLENGTH ="128" PHYSICALOFFSET ="164" PICTURETEXT ="" PRECISION ="128" SCALE ="0" USAGE_FLAGS =""/>
        <SOURCEFIELD BUSINESSNAME ="" DATATYPE ="nvarchar2" DESCRIPTION ="" FIELDNUMBER ="13" FIELDPROPERTY ="0" FIELDTYPE ="ELEMITEM" HIDDEN ="NO" KEYTYPE ="NOT A KEY" LENGTH ="0" LEVEL ="0" NAME ="CREATED_BY" NULLABLE ="NULL" OCCURS ="0" OFFSET ="46" PHYSICALLENGTH ="26" PHYSICALOFFSET ="292" PICTURETEXT ="" PRECISION ="26" SCALE ="0" USAGE_FLAGS =""/>
    </SOURCE>
    <TARGET BUSINESSNAME ="" CONSTRAINT ="" DATABASETYPE ="Oracle" DESCRIPTION ="" NAME ="CDW_UAS_F_RESULT" OBJECTVERSION ="1" TABLEOPTIONS ="" VERSIONNUMBER ="1">
        <TARGETFIELD BUSINESSNAME ="" DATATYPE ="number(p,s)" DESCRIPTION ="" FIELDNUMBER ="1" KEYTYPE ="NOT A KEY" NAME ="CDW_XYZ_F_RESULT_DSET_KEY" NULLABLE ="NULL" PICTURETEXT ="" PRECISION ="38" SCALE ="0"/>
        <TARGETFIELD BUSINESSNAME ="" DATATYPE ="date" DESCRIPTION ="" FIELDNUMBER ="2" KEYTYPE ="NOT A KEY" NAME ="RESULT_F_PERIOD_KEY" NULLABLE ="NULL" PICTURETEXT ="" PRECISION ="19" SCALE ="0"/>
        <TARGETFIELD BUSINESSNAME ="" DATATYPE ="number(p,s)" DESCRIPTION ="" FIELDNUMBER ="3" KEYTYPE ="NOT A KEY" NAME ="RESULT_F_STUDENT_KEY" NULLABLE ="NULL" PICTURETEXT ="" PRECISION ="38" SCALE ="0"/>
        <TARGETFIELD BUSINESSNAME ="" DATATYPE ="number(p,s)" DESCRIPTION ="" FIELDNUMBER ="4" KEYTYPE ="NOT A KEY" NAME ="RESULT_F_DEPARTMENT_KEY" NULLABLE ="NULL" PICTURETEXT ="" PRECISION ="38" SCALE ="0"/>
        <TARGETFIELD BUSINESSNAME ="" DATATYPE ="number(p,s)" DESCRIPTION ="" FIELDNUMBER ="5" KEYTYPE ="NOT A KEY" NAME ="RESULT_F_COLLEGE_CODE" NULLABLE ="NULL" PICTURETEXT ="" PRECISION ="38" SCALE ="0"/>
        <TARGETFIELD BUSINESSNAME ="" DATATYPE ="nvarchar2" DESCRIPTION ="" FIELDNUMBER ="6" KEYTYPE ="NOT A KEY" NAME ="RESULT_F_COLLEGE_NAME" NULLABLE ="NULL" PICTURETEXT ="" PRECISION ="25" SCALE ="0"/>
        <TARGETFIELD BUSINESSNAME ="" DATATYPE ="number(p,s)" DESCRIPTION ="" FIELDNUMBER ="7" KEYTYPE ="NOT A KEY" NAME ="RESULT_F_COURSE_CODE" NULLABLE ="NULL" PICTURETEXT ="" PRECISION ="38" SCALE ="0"/>
        <TARGETFIELD BUSINESSNAME ="" DATATYPE ="nvarchar2" DESCRIPTION ="" FIELDNUMBER ="8" KEYTYPE ="NOT A KEY" NAME ="RESULT_F_COURSE_NAME" NULLABLE ="NULL" PICTURETEXT ="" PRECISION ="30" SCALE ="0"/>
        <TARGETFIELD BUSINESSNAME ="" DATATYPE ="number(p,s)" DESCRIPTION ="" FIELDNUMBER ="9" KEYTYPE ="NOT A KEY" NAME ="RESULT_F_FACULTY_NO" NULLABLE ="NULL" PICTURETEXT ="" PRECISION ="38" SCALE ="0"/>
        <TARGETFIELD BUSINESSNAME ="" DATATYPE ="number(p,s)" DESCRIPTION ="" FIELDNUMBER ="10" KEYTYPE ="NOT A KEY" NAME ="RESULT_MARKS" NULLABLE ="NULL" PICTURETEXT ="" PRECISION ="38" SCALE ="0"/>
        <TARGETFIELD BUSINESSNAME ="" DATATYPE ="nvarchar2" DESCRIPTION ="" FIELDNUMBER ="11" KEYTYPE ="NOT A KEY" NAME ="RESULT_GRADE" NULLABLE ="NULL" PICTURETEXT ="" PRECISION ="10" SCALE ="0"/>
        <TARGETFIELD BUSINESSNAME ="" DATATYPE ="timestamp" DESCRIPTION ="" FIELDNUMBER ="12" KEYTYPE ="NOT A KEY" NAME ="CREATED_DATE" NULLABLE ="NULL" PICTURETEXT ="" PRECISION ="19" SCALE ="0"/>
        <TARGETFIELD BUSINESSNAME ="" DATATYPE ="nvarchar2" DESCRIPTION ="" FIELDNUMBER ="13" KEYTYPE ="NOT A KEY" NAME ="CREATED_BY" NULLABLE ="NULL" PICTURETEXT ="" PRECISION ="40" SCALE ="0"/>
    </TARGET>
    <MAPPING DESCRIPTION ="" ISVALID ="YES" NAME ="M_F_RESULT" OBJECTVERSION ="1" VERSIONNUMBER ="1">
        <TRANSFORMATION DESCRIPTION ="" NAME ="EXPTRANS" OBJECTVERSION ="1" REUSABLE ="NO" TYPE ="Expression" VERSIONNUMBER ="1">
            <TRANSFORMFIELD DATATYPE ="decimal" DEFAULTVALUE ="" DESCRIPTION ="" EXPRESSION ="CDW_P_RESULT_DSET_KEY" EXPRESSIONTYPE ="GENERAL" NAME ="CDW_P_RESULT_DSET_KEY" PICTURETEXT ="" PORTTYPE ="INPUT/OUTPUT" PRECISION ="38" SCALE ="0"/>
            <TRANSFORMFIELD DATATYPE ="nstring" DEFAULTVALUE ="" DESCRIPTION ="" EXPRESSION ="RESULT_F_PERIOD_KEY" EXPRESSIONTYPE ="GENERAL" NAME ="RESULT_F_PERIOD_KEY" PICTURETEXT ="" PORTTYPE ="INPUT/OUTPUT" PRECISION ="8" SCALE ="0"/>
            <TRANSFORMFIELD DATATYPE ="string" DEFAULTVALUE ="" DESCRIPTION ="" EXPRESSION ="RESULT_F_STUDENT_KEY1" EXPRESSIONTYPE ="GENERAL" NAME ="RESULT_F_STUDENT_KEY1" PICTURETEXT ="" PORTTYPE ="INPUT/OUTPUT" PRECISION ="1" SCALE ="0"/>
            <TRANSFORMFIELD DATATYPE ="date/time" DEFAULTVALUE ="ERROR(&apos;transformation error&apos;)" DESCRIPTION ="" EXPRESSION ="TO_DATE(RESULT_F_PERIOD_KEY,&apos;MM-DD-YY&apos;)" EXPRESSIONTYPE ="GENERAL" NAME ="O_RESULT_F_PERIOD_KEY" PICTURETEXT ="" PORTTYPE ="OUTPUT" PRECISION ="29" SCALE ="9"/>
            <TRANSFORMFIELD DATATYPE ="decimal" DEFAULTVALUE ="" DESCRIPTION ="" EXPRESSION ="RESULT_F_DEPARTMENT_KEY" EXPRESSIONTYPE ="GENERAL" NAME ="RESULT_F_DEPARTMENT_KEY" PICTURETEXT ="" PORTTYPE ="INPUT/OUTPUT" PRECISION ="38" SCALE ="0"/>
            <TRANSFORMFIELD DATATYPE ="decimal" DEFAULTVALUE ="" DESCRIPTION ="" EXPRESSION ="RESULT_F_COLLEGE_CODE" EXPRESSIONTYPE ="GENERAL" NAME ="RESULT_F_COLLEGE_CODE" PICTURETEXT ="" PORTTYPE ="INPUT/OUTPUT" PRECISION ="38" SCALE ="0"/>
            <TRANSFORMFIELD DATATYPE ="nstring" DEFAULTVALUE ="" DESCRIPTION ="" EXPRESSION ="RESULT_F_COLLEGE_NAME" EXPRESSIONTYPE ="GENERAL" NAME ="RESULT_F_COLLEGE_NAME" PICTURETEXT ="" PORTTYPE ="INPUT/OUTPUT" PRECISION ="25" SCALE ="0"/>
            <TRANSFORMFIELD DATATYPE ="decimal" DEFAULTVALUE ="" DESCRIPTION ="" EXPRESSION ="RESULT_F_COURSE_CODE" EXPRESSIONTYPE ="GENERAL" NAME ="RESULT_F_COURSE_CODE" PICTURETEXT ="" PORTTYPE ="INPUT/OUTPUT" PRECISION ="38" SCALE ="0"/>
            <TRANSFORMFIELD DATATYPE ="nstring" DEFAULTVALUE ="" DESCRIPTION ="" EXPRESSION ="RESULT_F_COURSE_NAME" EXPRESSIONTYPE ="GENERAL" NAME ="RESULT_F_COURSE_NAME" PICTURETEXT ="" PORTTYPE ="INPUT/OUTPUT" PRECISION ="30" SCALE ="0"/>
            <TRANSFORMFIELD DATATYPE ="decimal" DEFAULTVALUE ="" DESCRIPTION ="" EXPRESSION ="RESULT_MARKS" EXPRESSIONTYPE ="GENERAL" NAME ="RESULT_MARKS" PICTURETEXT ="" PORTTYPE ="INPUT/OUTPUT" PRECISION ="38" SCALE ="0"/>
            <TRANSFORMFIELD DATATYPE ="nstring" DEFAULTVALUE ="" DESCRIPTION ="" EXPRESSION ="RESULT_GRADE" EXPRESSIONTYPE ="GENERAL" NAME ="RESULT_GRADE" PICTURETEXT ="" PORTTYPE ="INPUT/OUTPUT" PRECISION ="10" SCALE ="0"/>
            <TRANSFORMFIELD DATATYPE ="string" DEFAULTVALUE ="" DESCRIPTION ="" EXPRESSION ="CREATED_DATE" EXPRESSIONTYPE ="GENERAL" NAME ="CREATED_DATE" PICTURETEXT ="" PORTTYPE ="INPUT/OUTPUT" PRECISION ="29" SCALE ="0"/>
            <TRANSFORMFIELD DATATYPE ="nstring" DEFAULTVALUE ="" DESCRIPTION ="" EXPRESSION ="CREATED_BY" EXPRESSIONTYPE ="GENERAL" NAME ="CREATED_BY" PICTURETEXT ="" PORTTYPE ="INPUT/OUTPUT" PRECISION ="40" SCALE ="0"/>
            <TABLEATTRIBUTE NAME ="Tracing Level" VALUE ="Normal"/>
        </TRANSFORMATION>
        <TRANSFORMATION DESCRIPTION ="" NAME ="SQ_CDW_UAS_STG_RESULT_IN" OBJECTVERSION ="1" REUSABLE ="NO" TYPE ="Source Qualifier" VERSIONNUMBER ="1">
            <TRANSFORMFIELD DATATYPE ="decimal" DEFAULTVALUE ="" DESCRIPTION ="" NAME ="CDW_P_RESULT_DSET_KEY" PICTURETEXT ="" PORTTYPE ="INPUT/OUTPUT" PRECISION ="5" SCALE ="0"/>
            <TRANSFORMFIELD DATATYPE ="nstring" DEFAULTVALUE ="" DESCRIPTION ="" NAME ="RESULT_F_PERIOD_KEY" PICTURETEXT ="" PORTTYPE ="INPUT/OUTPUT" PRECISION ="26" SCALE ="0"/>
            <TRANSFORMFIELD DATATYPE ="nstring" DEFAULTVALUE ="" DESCRIPTION ="" NAME ="RESULT_F_STUDENT_KEY" PICTURETEXT ="" PORTTYPE ="INPUT/OUTPUT" PRECISION ="26" SCALE ="0"/>
            <TRANSFORMFIELD DATATYPE ="decimal" DEFAULTVALUE ="" DESCRIPTION ="" NAME ="RESULT_F_DEPARTMENT_KEY" PICTURETEXT ="" PORTTYPE ="INPUT/OUTPUT" PRECISION ="4" SCALE ="0"/>
            <TRANSFORMFIELD DATATYPE ="decimal" DEFAULTVALUE ="" DESCRIPTION ="" NAME ="RESULT_F_COLLEGE_CODE" PICTURETEXT ="" PORTTYPE ="INPUT/OUTPUT" PRECISION ="6" SCALE ="0"/>
            <TRANSFORMFIELD DATATYPE ="nstring" DEFAULTVALUE ="" DESCRIPTION ="" NAME ="RESULT_F_COLLEGE_NAME" PICTURETEXT ="" PORTTYPE ="INPUT/OUTPUT" PRECISION ="26" SCALE ="0"/>
            <TRANSFORMFIELD DATATYPE ="decimal" DEFAULTVALUE ="" DESCRIPTION ="" NAME ="RESULT_F_COURSE_CODE" PICTURETEXT ="" PORTTYPE ="INPUT/OUTPUT" PRECISION ="5" SCALE ="0"/>
            <TRANSFORMFIELD DATATYPE ="nstring" DEFAULTVALUE ="" DESCRIPTION ="" NAME ="RESULT_F_COURSE_NAME" PICTURETEXT ="" PORTTYPE ="INPUT/OUTPUT" PRECISION ="26" SCALE ="0"/>
            <TRANSFORMFIELD DATATYPE ="decimal" DEFAULTVALUE ="" DESCRIPTION ="" NAME ="RESULT_MARKS" PICTURETEXT ="" PORTTYPE ="INPUT/OUTPUT" PRECISION ="4" SCALE ="0"/>
            <TRANSFORMFIELD DATATYPE ="nstring" DEFAULTVALUE ="" DESCRIPTION ="" NAME ="RESULT_GRADE" PICTURETEXT ="" PORTTYPE ="INPUT/OUTPUT" PRECISION ="26" SCALE ="0"/>
            <TRANSFORMFIELD DATATYPE ="nstring" DEFAULTVALUE ="" DESCRIPTION ="" NAME ="CREATED_DATE" PICTURETEXT ="" PORTTYPE ="INPUT/OUTPUT" PRECISION ="128" SCALE ="0"/>
            <TRANSFORMFIELD DATATYPE ="nstring" DEFAULTVALUE ="" DESCRIPTION ="" NAME ="CREATED_BY" PICTURETEXT ="" PORTTYPE ="INPUT/OUTPUT" PRECISION ="26" SCALE ="0"/>
            <TABLEATTRIBUTE NAME ="Sql Query" VALUE =""/>
            <TABLEATTRIBUTE NAME ="User Defined Join" VALUE =""/>
            <TABLEATTRIBUTE NAME ="Source Filter" VALUE =""/>
            <TABLEATTRIBUTE NAME ="Number Of Sorted Ports" VALUE ="0"/>
            <TABLEATTRIBUTE NAME ="Tracing Level" VALUE ="Normal"/>
            <TABLEATTRIBUTE NAME ="Select Distinct" VALUE ="NO"/>
            <TABLEATTRIBUTE NAME ="Is Partitionable" VALUE ="NO"/>
            <TABLEATTRIBUTE NAME ="Pre SQL" VALUE =""/>
            <TABLEATTRIBUTE NAME ="Post SQL" VALUE =""/>
            <TABLEATTRIBUTE NAME ="Output is deterministic" VALUE ="NO"/>
            <TABLEATTRIBUTE NAME ="Output is repeatable" VALUE ="Never"/>
        </TRANSFORMATION>
        <INSTANCE DESCRIPTION ="" NAME ="CDW_UAS_F_RESULT" TRANSFORMATION_NAME ="CDW_UAS_F_RESULT" TRANSFORMATION_TYPE ="Target Definition" TYPE ="TARGET"/>
        <INSTANCE DBDNAME ="Training_Academy" DESCRIPTION ="" NAME ="CDW_UAS_STG_RESULT_IN" TRANSFORMATION_NAME ="CDW_UAS_STG_RESULT_IN" TRANSFORMATION_TYPE ="Source Definition" TYPE ="SOURCE"/>
        <INSTANCE DESCRIPTION ="" NAME ="EXPTRANS" REUSABLE ="NO" TRANSFORMATION_NAME ="EXPTRANS" TRANSFORMATION_TYPE ="Expression" TYPE ="TRANSFORMATION"/>
        <INSTANCE DESCRIPTION ="" NAME ="SQ_CDW_UAS_STG_RESULT_IN" REUSABLE ="NO" TRANSFORMATION_NAME ="SQ_CDW_UAS_STG_RESULT_IN" TRANSFORMATION_TYPE ="Source Qualifier" TYPE ="TRANSFORMATION">
            <ASSOCIATED_SOURCE_INSTANCE NAME ="CDW_UAS_STG_RESULT_IN"/>
        </INSTANCE>
        <CONNECTOR FROMFIELD ="CDW_P_RESULT_DSET_KEY" FROMINSTANCE ="EXPTRANS" FROMINSTANCETYPE ="Expression" TOFIELD ="CDW_XYZ_F_RESULT_DSET_KEY" TOINSTANCE ="CDW_UAS_F_RESULT" TOINSTANCETYPE ="Target Definition"/>
        <CONNECTOR FROMFIELD ="RESULT_F_PERIOD_KEY" FROMINSTANCE ="EXPTRANS" FROMINSTANCETYPE ="Expression" TOFIELD ="RESULT_F_PERIOD_KEY" TOINSTANCE ="CDW_UAS_F_RESULT" TOINSTANCETYPE ="Target Definition"/>
        <CONNECTOR FROMFIELD ="RESULT_F_DEPARTMENT_KEY" FROMINSTANCE ="EXPTRANS" FROMINSTANCETYPE ="Expression" TOFIELD ="RESULT_F_DEPARTMENT_KEY" TOINSTANCE ="CDW_UAS_F_RESULT" TOINSTANCETYPE ="Target Definition"/>
        <CONNECTOR FROMFIELD ="RESULT_F_COLLEGE_CODE" FROMINSTANCE ="EXPTRANS" FROMINSTANCETYPE ="Expression" TOFIELD ="RESULT_F_COLLEGE_CODE" TOINSTANCE ="CDW_UAS_F_RESULT" TOINSTANCETYPE ="Target Definition"/>
        <CONNECTOR FROMFIELD ="RESULT_F_COLLEGE_NAME" FROMINSTANCE ="EXPTRANS" FROMINSTANCETYPE ="Expression" TOFIELD ="RESULT_F_COLLEGE_NAME" TOINSTANCE ="CDW_UAS_F_RESULT" TOINSTANCETYPE ="Target Definition"/>
        <CONNECTOR FROMFIELD ="RESULT_F_COURSE_CODE" FROMINSTANCE ="EXPTRANS" FROMINSTANCETYPE ="Expression" TOFIELD ="RESULT_F_COURSE_CODE" TOINSTANCE ="CDW_UAS_F_RESULT" TOINSTANCETYPE ="Target Definition"/>
        <CONNECTOR FROMFIELD ="RESULT_F_COURSE_NAME" FROMINSTANCE ="EXPTRANS" FROMINSTANCETYPE ="Expression" TOFIELD ="RESULT_F_COURSE_NAME" TOINSTANCE ="CDW_UAS_F_RESULT" TOINSTANCETYPE ="Target Definition"/>
        <CONNECTOR FROMFIELD ="RESULT_MARKS" FROMINSTANCE ="EXPTRANS" FROMINSTANCETYPE ="Expression" TOFIELD ="RESULT_MARKS" TOINSTANCE ="CDW_UAS_F_RESULT" TOINSTANCETYPE ="Target Definition"/>
        <CONNECTOR FROMFIELD ="RESULT_GRADE" FROMINSTANCE ="EXPTRANS" FROMINSTANCETYPE ="Expression" TOFIELD ="RESULT_GRADE" TOINSTANCE ="CDW_UAS_F_RESULT" TOINSTANCETYPE ="Target Definition"/>
        <CONNECTOR FROMFIELD ="CREATED_DATE" FROMINSTANCE ="EXPTRANS" FROMINSTANCETYPE ="Expression" TOFIELD ="CREATED_DATE" TOINSTANCE ="CDW_UAS_F_RESULT" TOINSTANCETYPE ="Target Definition"/>
        <CONNECTOR FROMFIELD ="CREATED_BY" FROMINSTANCE ="EXPTRANS" FROMINSTANCETYPE ="Expression" TOFIELD ="CREATED_BY" TOINSTANCE ="CDW_UAS_F_RESULT" TOINSTANCETYPE ="Target Definition"/>
        <CONNECTOR FROMFIELD ="RESULT_F_STUDENT_KEY1" FROMINSTANCE ="EXPTRANS" FROMINSTANCETYPE ="Expression" TOFIELD ="RESULT_F_STUDENT_KEY" TOINSTANCE ="CDW_UAS_F_RESULT" TOINSTANCETYPE ="Target Definition"/>
        <CONNECTOR FROMFIELD ="CDW_P_RESULT_DSET_KEY" FROMINSTANCE ="CDW_UAS_STG_RESULT_IN" FROMINSTANCETYPE ="Source Definition" TOFIELD ="CDW_P_RESULT_DSET_KEY" TOINSTANCE ="SQ_CDW_UAS_STG_RESULT_IN" TOINSTANCETYPE ="Source Qualifier"/>
        <CONNECTOR FROMFIELD ="RESULT_F_PERIOD_KEY" FROMINSTANCE ="CDW_UAS_STG_RESULT_IN" FROMINSTANCETYPE ="Source Definition" TOFIELD ="RESULT_F_PERIOD_KEY" TOINSTANCE ="SQ_CDW_UAS_STG_RESULT_IN" TOINSTANCETYPE ="Source Qualifier"/>
        <CONNECTOR FROMFIELD ="RESULT_F_STUDENT_KEY" FROMINSTANCE ="CDW_UAS_STG_RESULT_IN" FROMINSTANCETYPE ="Source Definition" TOFIELD ="RESULT_F_STUDENT_KEY" TOINSTANCE ="SQ_CDW_UAS_STG_RESULT_IN" TOINSTANCETYPE ="Source Qualifier"/>
        <CONNECTOR FROMFIELD ="RESULT_F_DEPARTMENT_KEY" FROMINSTANCE ="CDW_UAS_STG_RESULT_IN" FROMINSTANCETYPE ="Source Definition" TOFIELD ="RESULT_F_DEPARTMENT_KEY" TOINSTANCE ="SQ_CDW_UAS_STG_RESULT_IN" TOINSTANCETYPE ="Source Qualifier"/>
        <CONNECTOR FROMFIELD ="RESULT_F_COLLEGE_CODE" FROMINSTANCE ="CDW_UAS_STG_RESULT_IN" FROMINSTANCETYPE ="Source Definition" TOFIELD ="RESULT_F_COLLEGE_CODE" TOINSTANCE ="SQ_CDW_UAS_STG_RESULT_IN" TOINSTANCETYPE ="Source Qualifier"/>
        <CONNECTOR FROMFIELD ="RESULT_F_COLLEGE_NAME" FROMINSTANCE ="CDW_UAS_STG_RESULT_IN" FROMINSTANCETYPE ="Source Definition" TOFIELD ="RESULT_F_COLLEGE_NAME" TOINSTANCE ="SQ_CDW_UAS_STG_RESULT_IN" TOINSTANCETYPE ="Source Qualifier"/>
        <CONNECTOR FROMFIELD ="RESULT_F_COURSE_CODE" FROMINSTANCE ="CDW_UAS_STG_RESULT_IN" FROMINSTANCETYPE ="Source Definition" TOFIELD ="RESULT_F_COURSE_CODE" TOINSTANCE ="SQ_CDW_UAS_STG_RESULT_IN" TOINSTANCETYPE ="Source Qualifier"/>
        <CONNECTOR FROMFIELD ="RESULT_F_COURSE_NAME" FROMINSTANCE ="CDW_UAS_STG_RESULT_IN" FROMINSTANCETYPE ="Source Definition" TOFIELD ="RESULT_F_COURSE_NAME" TOINSTANCE ="SQ_CDW_UAS_STG_RESULT_IN" TOINSTANCETYPE ="Source Qualifier"/>
        <CONNECTOR FROMFIELD ="RESULT_MARKS" FROMINSTANCE ="CDW_UAS_STG_RESULT_IN" FROMINSTANCETYPE ="Source Definition" TOFIELD ="RESULT_MARKS" TOINSTANCE ="SQ_CDW_UAS_STG_RESULT_IN" TOINSTANCETYPE ="Source Qualifier"/>
        <CONNECTOR FROMFIELD ="RESULT_GRADE" FROMINSTANCE ="CDW_UAS_STG_RESULT_IN" FROMINSTANCETYPE ="Source Definition" TOFIELD ="RESULT_GRADE" TOINSTANCE ="SQ_CDW_UAS_STG_RESULT_IN" TOINSTANCETYPE ="Source Qualifier"/>
        <CONNECTOR FROMFIELD ="CREATED_DATE" FROMINSTANCE ="CDW_UAS_STG_RESULT_IN" FROMINSTANCETYPE ="Source Definition" TOFIELD ="CREATED_DATE" TOINSTANCE ="SQ_CDW_UAS_STG_RESULT_IN" TOINSTANCETYPE ="Source Qualifier"/>
        <CONNECTOR FROMFIELD ="CREATED_BY" FROMINSTANCE ="CDW_UAS_STG_RESULT_IN" FROMINSTANCETYPE ="Source Definition" TOFIELD ="CREATED_BY" TOINSTANCE ="SQ_CDW_UAS_STG_RESULT_IN" TOINSTANCETYPE ="Source Qualifier"/>
        <CONNECTOR FROMFIELD ="CDW_P_RESULT_DSET_KEY" FROMINSTANCE ="SQ_CDW_UAS_STG_RESULT_IN" FROMINSTANCETYPE ="Source Qualifier" TOFIELD ="CDW_P_RESULT_DSET_KEY" TOINSTANCE ="EXPTRANS" TOINSTANCETYPE ="Expression"/>
        <CONNECTOR FROMFIELD ="RESULT_F_PERIOD_KEY" FROMINSTANCE ="SQ_CDW_UAS_STG_RESULT_IN" FROMINSTANCETYPE ="Source Qualifier" TOFIELD ="RESULT_F_PERIOD_KEY" TOINSTANCE ="EXPTRANS" TOINSTANCETYPE ="Expression"/>
        <CONNECTOR FROMFIELD ="RESULT_F_STUDENT_KEY" FROMINSTANCE ="SQ_CDW_UAS_STG_RESULT_IN" FROMINSTANCETYPE ="Source Qualifier" TOFIELD ="RESULT_F_STUDENT_KEY1" TOINSTANCE ="EXPTRANS" TOINSTANCETYPE ="Expression"/>
        <CONNECTOR FROMFIELD ="RESULT_F_DEPARTMENT_KEY" FROMINSTANCE ="SQ_CDW_UAS_STG_RESULT_IN" FROMINSTANCETYPE ="Source Qualifier" TOFIELD ="RESULT_F_DEPARTMENT_KEY" TOINSTANCE ="EXPTRANS" TOINSTANCETYPE ="Expression"/>
        <CONNECTOR FROMFIELD ="RESULT_F_COLLEGE_CODE" FROMINSTANCE ="SQ_CDW_UAS_STG_RESULT_IN" FROMINSTANCETYPE ="Source Qualifier" TOFIELD ="RESULT_F_COLLEGE_CODE" TOINSTANCE ="EXPTRANS" TOINSTANCETYPE ="Expression"/>
        <CONNECTOR FROMFIELD ="RESULT_F_COLLEGE_NAME" FROMINSTANCE ="SQ_CDW_UAS_STG_RESULT_IN" FROMINSTANCETYPE ="Source Qualifier" TOFIELD ="RESULT_F_COLLEGE_NAME" TOINSTANCE ="EXPTRANS" TOINSTANCETYPE ="Expression"/>
        <CONNECTOR FROMFIELD ="RESULT_F_COURSE_CODE" FROMINSTANCE ="SQ_CDW_UAS_STG_RESULT_IN" FROMINSTANCETYPE ="Source Qualifier" TOFIELD ="RESULT_F_COURSE_CODE" TOINSTANCE ="EXPTRANS" TOINSTANCETYPE ="Expression"/>
        <CONNECTOR FROMFIELD ="RESULT_F_COURSE_NAME" FROMINSTANCE ="SQ_CDW_UAS_STG_RESULT_IN" FROMINSTANCETYPE ="Source Qualifier" TOFIELD ="RESULT_F_COURSE_NAME" TOINSTANCE ="EXPTRANS" TOINSTANCETYPE ="Expression"/>
        <CONNECTOR FROMFIELD ="RESULT_MARKS" FROMINSTANCE ="SQ_CDW_UAS_STG_RESULT_IN" FROMINSTANCETYPE ="Source Qualifier" TOFIELD ="RESULT_MARKS" TOINSTANCE ="EXPTRANS" TOINSTANCETYPE ="Expression"/>
        <CONNECTOR FROMFIELD ="RESULT_GRADE" FROMINSTANCE ="SQ_CDW_UAS_STG_RESULT_IN" FROMINSTANCETYPE ="Source Qualifier" TOFIELD ="RESULT_GRADE" TOINSTANCE ="EXPTRANS" TOINSTANCETYPE ="Expression"/>
        <CONNECTOR FROMFIELD ="CREATED_DATE" FROMINSTANCE ="SQ_CDW_UAS_STG_RESULT_IN" FROMINSTANCETYPE ="Source Qualifier" TOFIELD ="CREATED_DATE" TOINSTANCE ="EXPTRANS" TOINSTANCETYPE ="Expression"/>
        <CONNECTOR FROMFIELD ="CREATED_BY" FROMINSTANCE ="SQ_CDW_UAS_STG_RESULT_IN" FROMINSTANCETYPE ="Source Qualifier" TOFIELD ="CREATED_BY" TOINSTANCE ="EXPTRANS" TOINSTANCETYPE ="Expression"/>
        <TARGETLOADORDER ORDER ="1" TARGETINSTANCE ="CDW_UAS_F_RESULT"/>
        <ERPINFO/>
    </MAPPING>
</FOLDER>
</REPOSITORY>
</POWERMART>