DEPARTMENT_NAME,DEPARTMENT_NO,DEPARTMENT_PHONE,DEPARTMENT_HOD
Science and Arts,1,9578589339,Kayling
Computer Science ,2,8165556338,Blaze
Mechanical ,3,9592789325,Clare
Civil,4,7765588354,Jonas
Chemical,5,7565589459,Adlyn
Electrical,6,8234589453,Wade
Material Science,7,9565835447,Madden
Biomedical Engineering,8,8354882839,Tucker
Humanities,9,3465894763,Adnres
Management,10,8364568339,Julius
IT,11,9538454859,Marker
Electronics,12,8364895635,Scarlet
Aerospace,13,3936475339,Frank
Textile,14,9563846585,Sandrine
Metallurgy,15,8364585999,John Russell
Industrial,16,7004530056,Jennifer whalen
Mining,17,7357590045,Michael Hartstein
Structural,18,8374675600,Herman Baer
Agricultural,19,3836485009,Shelley Higgins
Telecommunication%,20,2846657510,Steven King
