<?xml version="1.0" encoding="Windows-1252"?>
<!DOCTYPE POWERMART SYSTEM "powrmart.dtd">
<POWERMART CREATION_DATE="05/26/2022 11:04:01" REPOSITORY_VERSION="186.95">
<REPOSITORY NAME="Repo_Academy" VERSION="186" CODEPAGE="MS1252" DATABASETYPE="Oracle">
<FOLDER NAME="Training_Academy" GROUP="" OWNER="infouser" SHARED="NOTSHARED" DESCRIPTION="" PERMISSIONS="rwx---r--" UUID="80c0db5a-08b0-4b43-b8e0-28b3bf1d0ac9">
    <SOURCE BUSINESSNAME ="" DATABASETYPE ="Flat File" DBDNAME ="FlatFile" DESCRIPTION ="" NAME ="CDW_UAS_DEPARTMENT2" OBJECTVERSION ="1" OWNERNAME ="" VERSIONNUMBER ="1">
        <FLATFILE CODEPAGE ="MS1252" CONSECDELIMITERSASONE ="NO" DELIMITED ="YES" DELIMITERS ="," ESCAPE_CHARACTER ="" KEEPESCAPECHAR ="NO" LINESEQUENTIAL ="NO" MULTIDELIMITERSASAND ="NO" NULLCHARTYPE ="ASCII" NULL_CHARACTER ="*" PADBYTES ="1" QUOTE_CHARACTER ="DOUBLE" REPEATABLE ="NO" ROWDELIMITER ="0" SHIFTSENSITIVEDATA ="NO" SKIPROWS ="1" STRIPTRAILINGBLANKS ="NO"/>
        <TABLEATTRIBUTE NAME ="Base Table Name" VALUE =""/>
        <TABLEATTRIBUTE NAME ="Search Specification" VALUE =""/>
        <TABLEATTRIBUTE NAME ="Sort Specification" VALUE =""/>
        <TABLEATTRIBUTE NAME ="Datetime Format" VALUE ="A  19 mm/dd/yyyy hh24:mi:ss"/>
        <TABLEATTRIBUTE NAME ="Thousand Separator" VALUE ="None"/>
        <TABLEATTRIBUTE NAME ="Decimal Separator" VALUE ="."/>
        <TABLEATTRIBUTE NAME ="Add Currently Processed Flat File Name Port" VALUE ="NO"/>
        <TABLEATTRIBUTE NAME ="Source TimeStamp" VALUE =""/>
        <SOURCEFIELD BUSINESSNAME ="" DATATYPE ="string" DESCRIPTION ="" FIELDNUMBER ="1" FIELDPROPERTY ="0" FIELDTYPE ="ELEMITEM" HIDDEN ="NO" KEYTYPE ="NOT A KEY" LENGTH ="50" LEVEL ="0" NAME ="DEPARTMENT_NAME" NULLABLE ="NULL" OCCURS ="0" OFFSET ="0" PHYSICALLENGTH ="50" PHYSICALOFFSET ="0" PICTURETEXT ="" PRECISION ="50" SCALE ="0" USAGE_FLAGS =""/>
        <SOURCEFIELD BUSINESSNAME ="" DATATYPE ="string" DESCRIPTION ="" FIELDNUMBER ="2" FIELDPROPERTY ="0" FIELDTYPE ="ELEMITEM" HIDDEN ="NO" KEYTYPE ="NOT A KEY" LENGTH ="10" LEVEL ="0" NAME ="DEPARTMENT_NO" NULLABLE ="NULL" OCCURS ="0" OFFSET ="50" PHYSICALLENGTH ="10" PHYSICALOFFSET ="50" PICTURETEXT ="" PRECISION ="10" SCALE ="0" USAGE_FLAGS =""/>
        <SOURCEFIELD BUSINESSNAME ="" DATATYPE ="number" DESCRIPTION ="" FIELDNUMBER ="3" FIELDPROPERTY ="0" FIELDTYPE ="ELEMITEM" HIDDEN ="NO" KEYTYPE ="NOT A KEY" LENGTH ="10" LEVEL ="0" NAME ="DEPARTMENT_PHONE" NULLABLE ="NULL" OCCURS ="0" OFFSET ="60" PHYSICALLENGTH ="10" PHYSICALOFFSET ="60" PICTURETEXT ="" PRECISION ="10" SCALE ="0" USAGE_FLAGS =""/>
        <SOURCEFIELD BUSINESSNAME ="" DATATYPE ="string" DESCRIPTION ="" FIELDNUMBER ="4" FIELDPROPERTY ="0" FIELDTYPE ="ELEMITEM" HIDDEN ="NO" KEYTYPE ="NOT A KEY" LENGTH ="30" LEVEL ="0" NAME ="DEPARTMENT_HOD" NULLABLE ="NULL" OCCURS ="0" OFFSET ="70" PHYSICALLENGTH ="30" PHYSICALOFFSET ="70" PICTURETEXT ="" PRECISION ="30" SCALE ="0" USAGE_FLAGS =""/>
    </SOURCE>
    <TARGET BUSINESSNAME ="" CONSTRAINT ="" DATABASETYPE ="Oracle" DESCRIPTION ="" NAME ="DEPARTMENT" OBJECTVERSION ="1" TABLEOPTIONS ="" VERSIONNUMBER ="1">
        <TARGETFIELD BUSINESSNAME ="" DATATYPE ="number(p,s)" DESCRIPTION ="" FIELDNUMBER ="1" KEYTYPE ="NOT A KEY" NAME ="DEPARTMENT_ID" NULLABLE ="NULL" PICTURETEXT ="" PRECISION ="38" SCALE ="0"/>
        <TARGETFIELD BUSINESSNAME ="" DATATYPE ="nvarchar2" DESCRIPTION ="" FIELDNUMBER ="2" KEYTYPE ="NOT A KEY" NAME ="DEPARTMENT_NAME" NULLABLE ="NULL" PICTURETEXT ="" PRECISION ="50" SCALE ="0"/>
        <TARGETFIELD BUSINESSNAME ="" DATATYPE ="number(p,s)" DESCRIPTION ="" FIELDNUMBER ="3" KEYTYPE ="PRIMARY KEY" NAME ="DEPARTMENT_NO" NULLABLE ="NOTNULL" PICTURETEXT ="" PRECISION ="38" SCALE ="0"/>
        <TARGETFIELD BUSINESSNAME ="" DATATYPE ="nvarchar2" DESCRIPTION ="" FIELDNUMBER ="4" KEYTYPE ="NOT A KEY" NAME ="DEPARTMENT_PHONE" NULLABLE ="NULL" PICTURETEXT ="" PRECISION ="12" SCALE ="0"/>
        <TARGETFIELD BUSINESSNAME ="" DATATYPE ="nvarchar2" DESCRIPTION ="" FIELDNUMBER ="5" KEYTYPE ="NOT A KEY" NAME ="DEPARTMENT_HEAD" NULLABLE ="NULL" PICTURETEXT ="" PRECISION ="30" SCALE ="0"/>
    </TARGET>
    <MAPPING DESCRIPTION ="" ISVALID ="YES" NAME ="M_department" OBJECTVERSION ="1" VERSIONNUMBER ="1">
        <TRANSFORMATION DESCRIPTION ="" NAME ="SEQTRANS" OBJECTVERSION ="1" REUSABLE ="NO" TYPE ="Sequence" VERSIONNUMBER ="1">
            <TRANSFORMFIELD DATATYPE ="bigint" DEFAULTVALUE ="ERROR(&apos;transformation error&apos;)" DESCRIPTION ="" NAME ="NEXTVAL" PICTURETEXT ="" PORTTYPE ="OUTPUT" PRECISION ="19" SCALE ="0"/>
            <TRANSFORMFIELD DATATYPE ="bigint" DEFAULTVALUE ="ERROR(&apos;transformation error&apos;)" DESCRIPTION ="" NAME ="CURRVAL" PICTURETEXT ="" PORTTYPE ="OUTPUT" PRECISION ="19" SCALE ="0"/>
            <TABLEATTRIBUTE NAME ="Start Value" VALUE ="1"/>
            <TABLEATTRIBUTE NAME ="Increment By" VALUE ="1"/>
            <TABLEATTRIBUTE NAME ="End Value" VALUE ="9223372036854775807"/>
            <TABLEATTRIBUTE NAME ="Current Value" VALUE ="22"/>
            <TABLEATTRIBUTE NAME ="Cycle" VALUE ="NO"/>
            <TABLEATTRIBUTE NAME ="Number of Cached Values" VALUE ="0"/>
            <TABLEATTRIBUTE NAME ="Reset" VALUE ="NO"/>
            <TABLEATTRIBUTE NAME ="Is Current Value Shared" VALUE ="NO"/>
            <TABLEATTRIBUTE NAME ="Tracing Level" VALUE ="Normal"/>
        </TRANSFORMATION>
        <TRANSFORMATION DESCRIPTION ="" NAME ="FILTRANS" OBJECTVERSION ="1" REUSABLE ="NO" TYPE ="Filter" VERSIONNUMBER ="1">
            <TRANSFORMFIELD DATATYPE ="string" DEFAULTVALUE ="" DESCRIPTION ="" NAME ="DEPARTMENT_NAME" PICTURETEXT ="" PORTTYPE ="INPUT/OUTPUT" PRECISION ="50" SCALE ="0"/>
            <TRANSFORMFIELD DATATYPE ="string" DEFAULTVALUE ="" DESCRIPTION ="" NAME ="DEPARTMENT_NO" PICTURETEXT ="" PORTTYPE ="INPUT/OUTPUT" PRECISION ="10" SCALE ="0"/>
            <TRANSFORMFIELD DATATYPE ="decimal" DEFAULTVALUE ="" DESCRIPTION ="" NAME ="DEPARTMENT_PHONE" PICTURETEXT ="" PORTTYPE ="INPUT/OUTPUT" PRECISION ="10" SCALE ="0"/>
            <TRANSFORMFIELD DATATYPE ="string" DEFAULTVALUE ="" DESCRIPTION ="" NAME ="DEPARTMENT_HOD" PICTURETEXT ="" PORTTYPE ="INPUT/OUTPUT" PRECISION ="30" SCALE ="0"/>
            <TABLEATTRIBUTE NAME ="Filter Condition" VALUE ="IIF(IS_NUMBER(DEPARTMENT_NO),true,ABORT(&apos;INVALID INPUT&apos;))"/>
            <TABLEATTRIBUTE NAME ="Tracing Level" VALUE ="Normal"/>
        </TRANSFORMATION>
        <TRANSFORMATION DESCRIPTION ="" NAME ="EXPTRANS1" OBJECTVERSION ="1" REUSABLE ="NO" TYPE ="Expression" VERSIONNUMBER ="1">
            <TRANSFORMFIELD DATATYPE ="string" DEFAULTVALUE ="" DESCRIPTION ="" NAME ="DEPARTMENT_NAME" PICTURETEXT ="" PORTTYPE ="INPUT" PRECISION ="50" SCALE ="0"/>
            <TRANSFORMFIELD DATATYPE ="string" DEFAULTVALUE ="" DESCRIPTION ="" NAME ="DEPARTMENT_NO" PICTURETEXT ="" PORTTYPE ="INPUT" PRECISION ="10" SCALE ="0"/>
            <TRANSFORMFIELD DATATYPE ="string" DEFAULTVALUE ="" DESCRIPTION ="" NAME ="DEPARTMENT_PHONE" PICTURETEXT ="" PORTTYPE ="INPUT" PRECISION ="10" SCALE ="0"/>
            <TRANSFORMFIELD DATATYPE ="string" DEFAULTVALUE ="" DESCRIPTION ="" EXPRESSION ="DEPARTMENT_HOD" EXPRESSIONTYPE ="GENERAL" NAME ="DEPARTMENT_HOD" PICTURETEXT ="" PORTTYPE ="INPUT/OUTPUT" PRECISION ="30" SCALE ="0"/>
            <TRANSFORMFIELD DATATYPE ="string" DEFAULTVALUE ="ERROR(&apos;transformation error&apos;)" DESCRIPTION ="" EXPRESSION ="REPLACESTR(0,DEPARTMENT_NAME,&apos;%&apos;,&apos;&apos;)" EXPRESSIONTYPE ="GENERAL" NAME ="o_name" PICTURETEXT ="" PORTTYPE ="OUTPUT" PRECISION ="50" SCALE ="0"/>
            <TRANSFORMFIELD DATATYPE ="decimal" DEFAULTVALUE ="ERROR(&apos;transformation error&apos;)" DESCRIPTION ="" EXPRESSION ="TO_DECIMAL(DEPARTMENT_NO)" EXPRESSIONTYPE ="GENERAL" NAME ="O_NUMBER" PICTURETEXT ="" PORTTYPE ="OUTPUT" PRECISION ="10" SCALE ="0"/>
            <TRANSFORMFIELD DATATYPE ="string" DEFAULTVALUE ="ERROR(&apos;transformation error&apos;)" DESCRIPTION ="" EXPRESSION ="substr(DEPARTMENT_PHONE,1,3) || &apos;-&apos; || substr(DEPARTMENT_PHONE,4,3) || &apos;-&apos; || substr(DEPARTMENT_PHONE,7,4)" EXPRESSIONTYPE ="GENERAL" NAME ="o_phone" PICTURETEXT ="" PORTTYPE ="OUTPUT" PRECISION ="12" SCALE ="0"/>
            <TABLEATTRIBUTE NAME ="Tracing Level" VALUE ="Normal"/>
        </TRANSFORMATION>
        <TRANSFORMATION DESCRIPTION ="" NAME ="RTRTRANS" OBJECTVERSION ="1" REUSABLE ="NO" TYPE ="Router" VERSIONNUMBER ="1">
            <GROUP DESCRIPTION ="" NAME ="INPUT" ORDER ="1" TYPE ="INPUT"/>
            <GROUP DESCRIPTION ="" EXPRESSION ="insert_record" NAME ="INSERT" ORDER ="2" TYPE ="OUTPUT"/>
            <GROUP DESCRIPTION ="Path for the data when none of the group conditions are satisfied." NAME ="DEFAULT1" ORDER ="4" TYPE ="OUTPUT/DEFAULT"/>
            <GROUP DESCRIPTION ="" EXPRESSION ="update_record" NAME ="UPDATE" ORDER ="3" TYPE ="OUTPUT"/>
            <TRANSFORMFIELD DATATYPE ="string" DEFAULTVALUE ="" DESCRIPTION ="" GROUP ="INPUT" NAME ="DEPARTMENT_NAME" PICTURETEXT ="" PORTTYPE ="INPUT" PRECISION ="50" SCALE ="0"/>
            <TRANSFORMFIELD DATATYPE ="decimal" DEFAULTVALUE ="" DESCRIPTION ="" GROUP ="INPUT" NAME ="DEPARTMENT_NO" PICTURETEXT ="" PORTTYPE ="INPUT" PRECISION ="10" SCALE ="0"/>
            <TRANSFORMFIELD DATATYPE ="string" DEFAULTVALUE ="" DESCRIPTION ="" GROUP ="INPUT" NAME ="DEPARTMENT_PHONE" PICTURETEXT ="" PORTTYPE ="INPUT" PRECISION ="12" SCALE ="0"/>
            <TRANSFORMFIELD DATATYPE ="string" DEFAULTVALUE ="" DESCRIPTION ="" GROUP ="INPUT" NAME ="DEPARTMENT_HOD" PICTURETEXT ="" PORTTYPE ="INPUT" PRECISION ="30" SCALE ="0"/>
            <TRANSFORMFIELD DATATYPE ="string" DEFAULTVALUE ="" DESCRIPTION ="" GROUP ="INPUT" NAME ="insert_record" PICTURETEXT ="" PORTTYPE ="INPUT" PRECISION ="10" SCALE ="0"/>
            <TRANSFORMFIELD DATATYPE ="string" DEFAULTVALUE ="" DESCRIPTION ="" GROUP ="INPUT" NAME ="update_record" PICTURETEXT ="" PORTTYPE ="INPUT" PRECISION ="10" SCALE ="0"/>
            <TRANSFORMFIELD DATATYPE ="string" DEFAULTVALUE ="" DESCRIPTION ="" GROUP ="INSERT" NAME ="DEPARTMENT_NAME1" PICTURETEXT ="" PORTTYPE ="OUTPUT" PRECISION ="50" REF_FIELD ="DEPARTMENT_NAME" SCALE ="0"/>
            <TRANSFORMFIELD DATATYPE ="decimal" DEFAULTVALUE ="" DESCRIPTION ="" GROUP ="INSERT" NAME ="DEPARTMENT_NO1" PICTURETEXT ="" PORTTYPE ="OUTPUT" PRECISION ="10" REF_FIELD ="DEPARTMENT_NO" SCALE ="0"/>
            <TRANSFORMFIELD DATATYPE ="string" DEFAULTVALUE ="" DESCRIPTION ="" GROUP ="INSERT" NAME ="DEPARTMENT_PHONE1" PICTURETEXT ="" PORTTYPE ="OUTPUT" PRECISION ="12" REF_FIELD ="DEPARTMENT_PHONE" SCALE ="0"/>
            <TRANSFORMFIELD DATATYPE ="string" DEFAULTVALUE ="" DESCRIPTION ="" GROUP ="INSERT" NAME ="DEPARTMENT_HOD1" PICTURETEXT ="" PORTTYPE ="OUTPUT" PRECISION ="30" REF_FIELD ="DEPARTMENT_HOD" SCALE ="0"/>
            <TRANSFORMFIELD DATATYPE ="string" DEFAULTVALUE ="" DESCRIPTION ="" GROUP ="INSERT" NAME ="insert_record1" PICTURETEXT ="" PORTTYPE ="OUTPUT" PRECISION ="10" REF_FIELD ="insert_record" SCALE ="0"/>
            <TRANSFORMFIELD DATATYPE ="string" DEFAULTVALUE ="" DESCRIPTION ="" GROUP ="INSERT" NAME ="update_record1" PICTURETEXT ="" PORTTYPE ="OUTPUT" PRECISION ="10" REF_FIELD ="update_record" SCALE ="0"/>
            <TRANSFORMFIELD DATATYPE ="string" DEFAULTVALUE ="" DESCRIPTION ="" GROUP ="UPDATE" NAME ="DEPARTMENT_NAME3" PICTURETEXT ="" PORTTYPE ="OUTPUT" PRECISION ="50" REF_FIELD ="DEPARTMENT_NAME" SCALE ="0"/>
            <TRANSFORMFIELD DATATYPE ="decimal" DEFAULTVALUE ="" DESCRIPTION ="" GROUP ="UPDATE" NAME ="DEPARTMENT_NO3" PICTURETEXT ="" PORTTYPE ="OUTPUT" PRECISION ="10" REF_FIELD ="DEPARTMENT_NO" SCALE ="0"/>
            <TRANSFORMFIELD DATATYPE ="string" DEFAULTVALUE ="" DESCRIPTION ="" GROUP ="UPDATE" NAME ="DEPARTMENT_PHONE3" PICTURETEXT ="" PORTTYPE ="OUTPUT" PRECISION ="12" REF_FIELD ="DEPARTMENT_PHONE" SCALE ="0"/>
            <TRANSFORMFIELD DATATYPE ="string" DEFAULTVALUE ="" DESCRIPTION ="" GROUP ="UPDATE" NAME ="DEPARTMENT_HOD3" PICTURETEXT ="" PORTTYPE ="OUTPUT" PRECISION ="30" REF_FIELD ="DEPARTMENT_HOD" SCALE ="0"/>
            <TRANSFORMFIELD DATATYPE ="string" DEFAULTVALUE ="" DESCRIPTION ="" GROUP ="UPDATE" NAME ="insert_record3" PICTURETEXT ="" PORTTYPE ="OUTPUT" PRECISION ="10" REF_FIELD ="insert_record" SCALE ="0"/>
            <TRANSFORMFIELD DATATYPE ="string" DEFAULTVALUE ="" DESCRIPTION ="" GROUP ="UPDATE" NAME ="update_record3" PICTURETEXT ="" PORTTYPE ="OUTPUT" PRECISION ="10" REF_FIELD ="update_record" SCALE ="0"/>
            <TRANSFORMFIELD DATATYPE ="string" DEFAULTVALUE ="" DESCRIPTION ="" GROUP ="DEFAULT1" NAME ="DEPARTMENT_NAME2" PICTURETEXT ="" PORTTYPE ="OUTPUT" PRECISION ="50" REF_FIELD ="DEPARTMENT_NAME" SCALE ="0"/>
            <TRANSFORMFIELD DATATYPE ="decimal" DEFAULTVALUE ="" DESCRIPTION ="" GROUP ="DEFAULT1" NAME ="DEPARTMENT_NO2" PICTURETEXT ="" PORTTYPE ="OUTPUT" PRECISION ="10" REF_FIELD ="DEPARTMENT_NO" SCALE ="0"/>
            <TRANSFORMFIELD DATATYPE ="string" DEFAULTVALUE ="" DESCRIPTION ="" GROUP ="DEFAULT1" NAME ="DEPARTMENT_PHONE2" PICTURETEXT ="" PORTTYPE ="OUTPUT" PRECISION ="12" REF_FIELD ="DEPARTMENT_PHONE" SCALE ="0"/>
            <TRANSFORMFIELD DATATYPE ="string" DEFAULTVALUE ="" DESCRIPTION ="" GROUP ="DEFAULT1" NAME ="DEPARTMENT_HOD2" PICTURETEXT ="" PORTTYPE ="OUTPUT" PRECISION ="30" REF_FIELD ="DEPARTMENT_HOD" SCALE ="0"/>
            <TRANSFORMFIELD DATATYPE ="string" DEFAULTVALUE ="" DESCRIPTION ="" GROUP ="DEFAULT1" NAME ="insert_record2" PICTURETEXT ="" PORTTYPE ="OUTPUT" PRECISION ="10" REF_FIELD ="insert_record" SCALE ="0"/>
            <TRANSFORMFIELD DATATYPE ="string" DEFAULTVALUE ="" DESCRIPTION ="" GROUP ="DEFAULT1" NAME ="update_record2" PICTURETEXT ="" PORTTYPE ="OUTPUT" PRECISION ="10" REF_FIELD ="update_record" SCALE ="0"/>
            <TABLEATTRIBUTE NAME ="Tracing Level" VALUE ="Normal"/>
        </TRANSFORMATION>
        <TRANSFORMATION DESCRIPTION ="" NAME ="EXPTRANS" OBJECTVERSION ="1" REUSABLE ="NO" TYPE ="Expression" VERSIONNUMBER ="1">
            <TRANSFORMFIELD DATATYPE ="string" DEFAULTVALUE ="" DESCRIPTION ="" EXPRESSION ="DEPARTMENT_NAME" EXPRESSIONTYPE ="GENERAL" NAME ="DEPARTMENT_NAME" PICTURETEXT ="" PORTTYPE ="INPUT/OUTPUT" PRECISION ="50" SCALE ="0"/>
            <TRANSFORMFIELD DATATYPE ="decimal" DEFAULTVALUE ="" DESCRIPTION ="" EXPRESSION ="DEPARTMENT_NO" EXPRESSIONTYPE ="GENERAL" NAME ="DEPARTMENT_NO" PICTURETEXT ="" PORTTYPE ="INPUT/OUTPUT" PRECISION ="10" SCALE ="0"/>
            <TRANSFORMFIELD DATATYPE ="string" DEFAULTVALUE ="" DESCRIPTION ="" EXPRESSION ="DEPARTMENT_PHONE" EXPRESSIONTYPE ="GENERAL" NAME ="DEPARTMENT_PHONE" PICTURETEXT ="" PORTTYPE ="INPUT/OUTPUT" PRECISION ="12" SCALE ="0"/>
            <TRANSFORMFIELD DATATYPE ="string" DEFAULTVALUE ="" DESCRIPTION ="" EXPRESSION ="DEPARTMENT_HOD" EXPRESSIONTYPE ="GENERAL" NAME ="DEPARTMENT_HOD" PICTURETEXT ="" PORTTYPE ="INPUT/OUTPUT" PRECISION ="30" SCALE ="0"/>
            <TRANSFORMFIELD DATATYPE ="string" DEFAULTVALUE ="ERROR(&apos;transformation error&apos;)" DESCRIPTION ="" EXPRESSION ="iif(isnull(lkp_DEPARTMENT_NO1),true,false)" EXPRESSIONTYPE ="GENERAL" NAME ="insert_record" PICTURETEXT ="" PORTTYPE ="OUTPUT" PRECISION ="10" SCALE ="0"/>
            <TRANSFORMFIELD DATATYPE ="string" DEFAULTVALUE ="ERROR(&apos;transformation error&apos;)" DESCRIPTION ="" EXPRESSION ="iif(DEPARTMENT_NO=lkp_DEPARTMENT_NO1 AND DEPARTMENT_NAME != lkp_DEPARTMENT_NAME1 OR &#xD;&#xA;DEPARTMENT_PHONE != lkp_DEPARTMENT_PHONE1 OR DEPARTMENT_HOD != lkp_DEPARTMENT_HEAD,true,false)" EXPRESSIONTYPE ="GENERAL" NAME ="update_record" PICTURETEXT ="" PORTTYPE ="OUTPUT" PRECISION ="10" SCALE ="0"/>
            <TRANSFORMFIELD DATATYPE ="decimal" DEFAULTVALUE ="" DESCRIPTION ="" EXPRESSION ="lkp_DEPARTMENT_ID" EXPRESSIONTYPE ="GENERAL" NAME ="lkp_DEPARTMENT_ID" PICTURETEXT ="" PORTTYPE ="INPUT/OUTPUT" PRECISION ="38" SCALE ="0"/>
            <TRANSFORMFIELD DATATYPE ="nstring" DEFAULTVALUE ="" DESCRIPTION ="" EXPRESSION ="lkp_DEPARTMENT_NAME1" EXPRESSIONTYPE ="GENERAL" NAME ="lkp_DEPARTMENT_NAME1" PICTURETEXT ="" PORTTYPE ="INPUT/OUTPUT" PRECISION ="50" SCALE ="0"/>
            <TRANSFORMFIELD DATATYPE ="decimal" DEFAULTVALUE ="" DESCRIPTION ="" EXPRESSION ="lkp_DEPARTMENT_NO1" EXPRESSIONTYPE ="GENERAL" NAME ="lkp_DEPARTMENT_NO1" PICTURETEXT ="" PORTTYPE ="INPUT/OUTPUT" PRECISION ="38" SCALE ="0"/>
            <TRANSFORMFIELD DATATYPE ="nstring" DEFAULTVALUE ="" DESCRIPTION ="" EXPRESSION ="lkp_DEPARTMENT_PHONE1" EXPRESSIONTYPE ="GENERAL" NAME ="lkp_DEPARTMENT_PHONE1" PICTURETEXT ="" PORTTYPE ="INPUT/OUTPUT" PRECISION ="12" SCALE ="0"/>
            <TRANSFORMFIELD DATATYPE ="nstring" DEFAULTVALUE ="" DESCRIPTION ="" EXPRESSION ="lkp_DEPARTMENT_HEAD" EXPRESSIONTYPE ="GENERAL" NAME ="lkp_DEPARTMENT_HEAD" PICTURETEXT ="" PORTTYPE ="INPUT/OUTPUT" PRECISION ="30" SCALE ="0"/>
            <TABLEATTRIBUTE NAME ="Tracing Level" VALUE ="Normal"/>
        </TRANSFORMATION>
        <TRANSFORMATION DESCRIPTION ="" NAME ="UPDTRANS" OBJECTVERSION ="1" REUSABLE ="NO" TYPE ="Update Strategy" VERSIONNUMBER ="1">
            <TRANSFORMFIELD DATATYPE ="string" DEFAULTVALUE ="" DESCRIPTION ="" NAME ="DEPARTMENT_NAME3" PICTURETEXT ="" PORTTYPE ="INPUT/OUTPUT" PRECISION ="50" SCALE ="0"/>
            <TRANSFORMFIELD DATATYPE ="decimal" DEFAULTVALUE ="" DESCRIPTION ="" NAME ="DEPARTMENT_NO3" PICTURETEXT ="" PORTTYPE ="INPUT/OUTPUT" PRECISION ="10" SCALE ="0"/>
            <TRANSFORMFIELD DATATYPE ="string" DEFAULTVALUE ="" DESCRIPTION ="" NAME ="DEPARTMENT_PHONE3" PICTURETEXT ="" PORTTYPE ="INPUT/OUTPUT" PRECISION ="12" SCALE ="0"/>
            <TRANSFORMFIELD DATATYPE ="string" DEFAULTVALUE ="" DESCRIPTION ="" NAME ="DEPARTMENT_HOD3" PICTURETEXT ="" PORTTYPE ="INPUT/OUTPUT" PRECISION ="30" SCALE ="0"/>
            <TABLEATTRIBUTE NAME ="Update Strategy Expression" VALUE ="dd_update"/>
            <TABLEATTRIBUTE NAME ="Forward Rejected Rows" VALUE ="YES"/>
            <TABLEATTRIBUTE NAME ="Tracing Level" VALUE ="Normal"/>
        </TRANSFORMATION>
        <TRANSFORMATION DESCRIPTION ="" NAME ="LKPTRANS" OBJECTVERSION ="1" REUSABLE ="NO" TYPE ="Lookup Procedure" VERSIONNUMBER ="1">
            <TRANSFORMFIELD DATATYPE ="decimal" DEFAULTVALUE ="" DESCRIPTION ="" NAME ="DEPARTMENT_ID" PICTURETEXT ="" PORTTYPE ="LOOKUP/OUTPUT" PRECISION ="38" SCALE ="0"/>
            <TRANSFORMFIELD DATATYPE ="nstring" DEFAULTVALUE ="" DESCRIPTION ="" NAME ="DEPARTMENT_NAME" PICTURETEXT ="" PORTTYPE ="LOOKUP/OUTPUT" PRECISION ="50" SCALE ="0"/>
            <TRANSFORMFIELD DATATYPE ="decimal" DEFAULTVALUE ="" DESCRIPTION ="" NAME ="DEPARTMENT_NO" PICTURETEXT ="" PORTTYPE ="LOOKUP/OUTPUT" PRECISION ="38" SCALE ="0"/>
            <TRANSFORMFIELD DATATYPE ="nstring" DEFAULTVALUE ="" DESCRIPTION ="" NAME ="DEPARTMENT_PHONE" PICTURETEXT ="" PORTTYPE ="LOOKUP/OUTPUT" PRECISION ="12" SCALE ="0"/>
            <TRANSFORMFIELD DATATYPE ="nstring" DEFAULTVALUE ="" DESCRIPTION ="" NAME ="DEPARTMENT_HEAD" PICTURETEXT ="" PORTTYPE ="LOOKUP/OUTPUT" PRECISION ="30" SCALE ="0"/>
            <TRANSFORMFIELD DATATYPE ="double" DEFAULTVALUE ="" DESCRIPTION ="" NAME ="O_NUMBER" PICTURETEXT ="" PORTTYPE ="INPUT/OUTPUT" PRECISION ="15" SCALE ="0"/>
            <TABLEATTRIBUTE NAME ="Lookup Sql Override" VALUE =""/>
            <TABLEATTRIBUTE NAME ="Lookup table name" VALUE ="DEPARTMENT"/>
            <TABLEATTRIBUTE NAME ="Lookup Source Filter" VALUE =""/>
            <TABLEATTRIBUTE NAME ="Lookup caching enabled" VALUE ="YES"/>
            <TABLEATTRIBUTE NAME ="Lookup policy on multiple match" VALUE ="Use Any Value"/>
            <TABLEATTRIBUTE NAME ="Lookup condition" VALUE ="DEPARTMENT_NO = O_NUMBER"/>
            <TABLEATTRIBUTE NAME ="Connection Information" VALUE ="$Target"/>
            <TABLEATTRIBUTE NAME ="Source Type" VALUE ="Database"/>
            <TABLEATTRIBUTE NAME ="Recache if Stale" VALUE ="NO"/>
            <TABLEATTRIBUTE NAME ="Tracing Level" VALUE ="Normal"/>
            <TABLEATTRIBUTE NAME ="Lookup cache directory name" VALUE ="$PMCacheDir"/>
            <TABLEATTRIBUTE NAME ="Lookup cache initialize" VALUE ="NO"/>
            <TABLEATTRIBUTE NAME ="Lookup cache persistent" VALUE ="NO"/>
            <TABLEATTRIBUTE NAME ="Lookup Data Cache Size" VALUE ="Auto"/>
            <TABLEATTRIBUTE NAME ="Lookup Index Cache Size" VALUE ="Auto"/>
            <TABLEATTRIBUTE NAME ="Dynamic Lookup Cache" VALUE ="NO"/>
            <TABLEATTRIBUTE NAME ="Synchronize Dynamic Cache" VALUE ="NO"/>
            <TABLEATTRIBUTE NAME ="Output Old Value On Update" VALUE ="NO"/>
            <TABLEATTRIBUTE NAME ="Update Dynamic Cache Condition" VALUE ="TRUE"/>
            <TABLEATTRIBUTE NAME ="Cache File Name Prefix" VALUE =""/>
            <TABLEATTRIBUTE NAME ="Re-cache from lookup source" VALUE ="NO"/>
            <TABLEATTRIBUTE NAME ="Insert Else Update" VALUE ="NO"/>
            <TABLEATTRIBUTE NAME ="Update Else Insert" VALUE ="NO"/>
            <TABLEATTRIBUTE NAME ="Datetime Format" VALUE =""/>
            <TABLEATTRIBUTE NAME ="Thousand Separator" VALUE ="None"/>
            <TABLEATTRIBUTE NAME ="Decimal Separator" VALUE ="."/>
            <TABLEATTRIBUTE NAME ="Case Sensitive String Comparison" VALUE ="NO"/>
            <TABLEATTRIBUTE NAME ="Null ordering" VALUE ="Null Is Highest Value"/>
            <TABLEATTRIBUTE NAME ="Sorted Input" VALUE ="NO"/>
            <TABLEATTRIBUTE NAME ="Lookup source is static" VALUE ="NO"/>
            <TABLEATTRIBUTE NAME ="Pre-build lookup cache" VALUE ="Auto"/>
            <TABLEATTRIBUTE NAME ="Subsecond Precision" VALUE ="6"/>
        </TRANSFORMATION>
        <TRANSFORMATION DESCRIPTION ="" NAME ="EXPTRANS2" OBJECTVERSION ="1" REUSABLE ="NO" TYPE ="Expression" VERSIONNUMBER ="1">
            <TRANSFORMFIELD DATATYPE ="string" DEFAULTVALUE ="" DESCRIPTION ="" EXPRESSION ="DEPARTMENT_NAME" EXPRESSIONTYPE ="GENERAL" NAME ="DEPARTMENT_NAME" PICTURETEXT ="" PORTTYPE ="INPUT/OUTPUT" PRECISION ="50" SCALE ="0"/>
            <TRANSFORMFIELD DATATYPE ="string" DEFAULTVALUE ="" DESCRIPTION ="" EXPRESSION ="DEPARTMENT_NO" EXPRESSIONTYPE ="GENERAL" NAME ="DEPARTMENT_NO" PICTURETEXT ="" PORTTYPE ="INPUT/OUTPUT" PRECISION ="10" SCALE ="0"/>
            <TRANSFORMFIELD DATATYPE ="decimal" DEFAULTVALUE ="" DESCRIPTION ="" NAME ="DEPARTMENT_PHONE" PICTURETEXT ="" PORTTYPE ="INPUT" PRECISION ="10" SCALE ="0"/>
            <TRANSFORMFIELD DATATYPE ="string" DEFAULTVALUE ="" DESCRIPTION ="" EXPRESSION ="DEPARTMENT_HOD" EXPRESSIONTYPE ="GENERAL" NAME ="DEPARTMENT_HOD" PICTURETEXT ="" PORTTYPE ="INPUT/OUTPUT" PRECISION ="30" SCALE ="0"/>
            <TRANSFORMFIELD DATATYPE ="string" DEFAULTVALUE ="ERROR(&apos;transformation error&apos;)" DESCRIPTION ="" EXPRESSION ="to_char(DEPARTMENT_PHONE)" EXPRESSIONTYPE ="GENERAL" NAME ="o_phone" PICTURETEXT ="" PORTTYPE ="OUTPUT" PRECISION ="10" SCALE ="0"/>
            <TABLEATTRIBUTE NAME ="Tracing Level" VALUE ="Normal"/>
        </TRANSFORMATION>
        <TRANSFORMATION DESCRIPTION ="" NAME ="SQ_CDW_UAS_DEPARTMENT2" OBJECTVERSION ="1" REUSABLE ="NO" TYPE ="Source Qualifier" VERSIONNUMBER ="1">
            <TRANSFORMFIELD DATATYPE ="string" DEFAULTVALUE ="" DESCRIPTION ="" NAME ="DEPARTMENT_NAME" PICTURETEXT ="" PORTTYPE ="INPUT/OUTPUT" PRECISION ="50" SCALE ="0"/>
            <TRANSFORMFIELD DATATYPE ="string" DEFAULTVALUE ="" DESCRIPTION ="" NAME ="DEPARTMENT_NO" PICTURETEXT ="" PORTTYPE ="INPUT/OUTPUT" PRECISION ="10" SCALE ="0"/>
            <TRANSFORMFIELD DATATYPE ="decimal" DEFAULTVALUE ="" DESCRIPTION ="" NAME ="DEPARTMENT_PHONE" PICTURETEXT ="" PORTTYPE ="INPUT/OUTPUT" PRECISION ="10" SCALE ="0"/>
            <TRANSFORMFIELD DATATYPE ="string" DEFAULTVALUE ="" DESCRIPTION ="" NAME ="DEPARTMENT_HOD" PICTURETEXT ="" PORTTYPE ="INPUT/OUTPUT" PRECISION ="30" SCALE ="0"/>
            <TABLEATTRIBUTE NAME ="Sql Query" VALUE =""/>
            <TABLEATTRIBUTE NAME ="User Defined Join" VALUE =""/>
            <TABLEATTRIBUTE NAME ="Source Filter" VALUE =""/>
            <TABLEATTRIBUTE NAME ="Number Of Sorted Ports" VALUE ="0"/>
            <TABLEATTRIBUTE NAME ="Tracing Level" VALUE ="Normal"/>
            <TABLEATTRIBUTE NAME ="Select Distinct" VALUE ="NO"/>
            <TABLEATTRIBUTE NAME ="Is Partitionable" VALUE ="NO"/>
            <TABLEATTRIBUTE NAME ="Pre SQL" VALUE =""/>
            <TABLEATTRIBUTE NAME ="Post SQL" VALUE =""/>
            <TABLEATTRIBUTE NAME ="Output is deterministic" VALUE ="NO"/>
            <TABLEATTRIBUTE NAME ="Output is repeatable" VALUE ="Never"/>
        </TRANSFORMATION>
        <INSTANCE DESCRIPTION ="" NAME ="t_departmentr_ins" TRANSFORMATION_NAME ="DEPARTMENT" TRANSFORMATION_TYPE ="Target Definition" TYPE ="TARGET"/>
        <INSTANCE DESCRIPTION ="" NAME ="T_department_update" TRANSFORMATION_NAME ="DEPARTMENT" TRANSFORMATION_TYPE ="Target Definition" TYPE ="TARGET"/>
        <INSTANCE DBDNAME ="FlatFile" DESCRIPTION ="" NAME ="CDW_UAS_DEPARTMENT2" TRANSFORMATION_NAME ="CDW_UAS_DEPARTMENT2" TRANSFORMATION_TYPE ="Source Definition" TYPE ="SOURCE"/>
        <INSTANCE DESCRIPTION ="" NAME ="SEQTRANS" REUSABLE ="NO" TRANSFORMATION_NAME ="SEQTRANS" TRANSFORMATION_TYPE ="Sequence" TYPE ="TRANSFORMATION"/>
        <INSTANCE DESCRIPTION ="" NAME ="FILTRANS" REUSABLE ="NO" TRANSFORMATION_NAME ="FILTRANS" TRANSFORMATION_TYPE ="Filter" TYPE ="TRANSFORMATION"/>
        <INSTANCE DESCRIPTION ="" NAME ="EXPTRANS1" REUSABLE ="NO" TRANSFORMATION_NAME ="EXPTRANS1" TRANSFORMATION_TYPE ="Expression" TYPE ="TRANSFORMATION"/>
        <INSTANCE DESCRIPTION ="" NAME ="RTRTRANS" REUSABLE ="NO" TRANSFORMATION_NAME ="RTRTRANS" TRANSFORMATION_TYPE ="Router" TYPE ="TRANSFORMATION"/>
        <INSTANCE DESCRIPTION ="" NAME ="EXPTRANS" REUSABLE ="NO" TRANSFORMATION_NAME ="EXPTRANS" TRANSFORMATION_TYPE ="Expression" TYPE ="TRANSFORMATION"/>
        <INSTANCE DESCRIPTION ="" NAME ="UPDTRANS" REUSABLE ="NO" TRANSFORMATION_NAME ="UPDTRANS" TRANSFORMATION_TYPE ="Update Strategy" TYPE ="TRANSFORMATION"/>
        <INSTANCE DESCRIPTION ="" NAME ="LKPTRANS" REUSABLE ="NO" TRANSFORMATION_NAME ="LKPTRANS" TRANSFORMATION_TYPE ="Lookup Procedure" TYPE ="TRANSFORMATION"/>
        <INSTANCE DESCRIPTION ="" NAME ="EXPTRANS2" REUSABLE ="NO" TRANSFORMATION_NAME ="EXPTRANS2" TRANSFORMATION_TYPE ="Expression" TYPE ="TRANSFORMATION"/>
        <INSTANCE DESCRIPTION ="" NAME ="SQ_CDW_UAS_DEPARTMENT2" REUSABLE ="NO" TRANSFORMATION_NAME ="SQ_CDW_UAS_DEPARTMENT2" TRANSFORMATION_TYPE ="Source Qualifier" TYPE ="TRANSFORMATION">
            <ASSOCIATED_SOURCE_INSTANCE NAME ="CDW_UAS_DEPARTMENT2"/>
        </INSTANCE>
        <CONNECTOR FROMFIELD ="DEPARTMENT_NAME1" FROMINSTANCE ="RTRTRANS" FROMINSTANCETYPE ="Router" TOFIELD ="DEPARTMENT_NAME" TOINSTANCE ="t_departmentr_ins" TOINSTANCETYPE ="Target Definition"/>
        <CONNECTOR FROMFIELD ="DEPARTMENT_NO1" FROMINSTANCE ="RTRTRANS" FROMINSTANCETYPE ="Router" TOFIELD ="DEPARTMENT_NO" TOINSTANCE ="t_departmentr_ins" TOINSTANCETYPE ="Target Definition"/>
        <CONNECTOR FROMFIELD ="DEPARTMENT_PHONE1" FROMINSTANCE ="RTRTRANS" FROMINSTANCETYPE ="Router" TOFIELD ="DEPARTMENT_PHONE" TOINSTANCE ="t_departmentr_ins" TOINSTANCETYPE ="Target Definition"/>
        <CONNECTOR FROMFIELD ="DEPARTMENT_HOD1" FROMINSTANCE ="RTRTRANS" FROMINSTANCETYPE ="Router" TOFIELD ="DEPARTMENT_HEAD" TOINSTANCE ="t_departmentr_ins" TOINSTANCETYPE ="Target Definition"/>
        <CONNECTOR FROMFIELD ="NEXTVAL" FROMINSTANCE ="SEQTRANS" FROMINSTANCETYPE ="Sequence" TOFIELD ="DEPARTMENT_ID" TOINSTANCE ="t_departmentr_ins" TOINSTANCETYPE ="Target Definition"/>
        <CONNECTOR FROMFIELD ="DEPARTMENT_NAME3" FROMINSTANCE ="UPDTRANS" FROMINSTANCETYPE ="Update Strategy" TOFIELD ="DEPARTMENT_NAME" TOINSTANCE ="T_department_update" TOINSTANCETYPE ="Target Definition"/>
        <CONNECTOR FROMFIELD ="DEPARTMENT_PHONE3" FROMINSTANCE ="UPDTRANS" FROMINSTANCETYPE ="Update Strategy" TOFIELD ="DEPARTMENT_PHONE" TOINSTANCE ="T_department_update" TOINSTANCETYPE ="Target Definition"/>
        <CONNECTOR FROMFIELD ="DEPARTMENT_HOD3" FROMINSTANCE ="UPDTRANS" FROMINSTANCETYPE ="Update Strategy" TOFIELD ="DEPARTMENT_HEAD" TOINSTANCE ="T_department_update" TOINSTANCETYPE ="Target Definition"/>
        <CONNECTOR FROMFIELD ="DEPARTMENT_NO3" FROMINSTANCE ="UPDTRANS" FROMINSTANCETYPE ="Update Strategy" TOFIELD ="DEPARTMENT_NO" TOINSTANCE ="T_department_update" TOINSTANCETYPE ="Target Definition"/>
        <CONNECTOR FROMFIELD ="DEPARTMENT_NAME" FROMINSTANCE ="CDW_UAS_DEPARTMENT2" FROMINSTANCETYPE ="Source Definition" TOFIELD ="DEPARTMENT_NAME" TOINSTANCE ="SQ_CDW_UAS_DEPARTMENT2" TOINSTANCETYPE ="Source Qualifier"/>
        <CONNECTOR FROMFIELD ="DEPARTMENT_NO" FROMINSTANCE ="CDW_UAS_DEPARTMENT2" FROMINSTANCETYPE ="Source Definition" TOFIELD ="DEPARTMENT_NO" TOINSTANCE ="SQ_CDW_UAS_DEPARTMENT2" TOINSTANCETYPE ="Source Qualifier"/>
        <CONNECTOR FROMFIELD ="DEPARTMENT_PHONE" FROMINSTANCE ="CDW_UAS_DEPARTMENT2" FROMINSTANCETYPE ="Source Definition" TOFIELD ="DEPARTMENT_PHONE" TOINSTANCE ="SQ_CDW_UAS_DEPARTMENT2" TOINSTANCETYPE ="Source Qualifier"/>
        <CONNECTOR FROMFIELD ="DEPARTMENT_HOD" FROMINSTANCE ="CDW_UAS_DEPARTMENT2" FROMINSTANCETYPE ="Source Definition" TOFIELD ="DEPARTMENT_HOD" TOINSTANCE ="SQ_CDW_UAS_DEPARTMENT2" TOINSTANCETYPE ="Source Qualifier"/>
        <CONNECTOR FROMFIELD ="DEPARTMENT_NAME" FROMINSTANCE ="SQ_CDW_UAS_DEPARTMENT2" FROMINSTANCETYPE ="Source Qualifier" TOFIELD ="DEPARTMENT_NAME" TOINSTANCE ="FILTRANS" TOINSTANCETYPE ="Filter"/>
        <CONNECTOR FROMFIELD ="DEPARTMENT_NO" FROMINSTANCE ="SQ_CDW_UAS_DEPARTMENT2" FROMINSTANCETYPE ="Source Qualifier" TOFIELD ="DEPARTMENT_NO" TOINSTANCE ="FILTRANS" TOINSTANCETYPE ="Filter"/>
        <CONNECTOR FROMFIELD ="DEPARTMENT_PHONE" FROMINSTANCE ="SQ_CDW_UAS_DEPARTMENT2" FROMINSTANCETYPE ="Source Qualifier" TOFIELD ="DEPARTMENT_PHONE" TOINSTANCE ="FILTRANS" TOINSTANCETYPE ="Filter"/>
        <CONNECTOR FROMFIELD ="DEPARTMENT_HOD" FROMINSTANCE ="SQ_CDW_UAS_DEPARTMENT2" FROMINSTANCETYPE ="Source Qualifier" TOFIELD ="DEPARTMENT_HOD" TOINSTANCE ="FILTRANS" TOINSTANCETYPE ="Filter"/>
        <CONNECTOR FROMFIELD ="DEPARTMENT_NAME" FROMINSTANCE ="FILTRANS" FROMINSTANCETYPE ="Filter" TOFIELD ="DEPARTMENT_NAME" TOINSTANCE ="EXPTRANS2" TOINSTANCETYPE ="Expression"/>
        <CONNECTOR FROMFIELD ="DEPARTMENT_NO" FROMINSTANCE ="FILTRANS" FROMINSTANCETYPE ="Filter" TOFIELD ="DEPARTMENT_NO" TOINSTANCE ="EXPTRANS2" TOINSTANCETYPE ="Expression"/>
        <CONNECTOR FROMFIELD ="DEPARTMENT_PHONE" FROMINSTANCE ="FILTRANS" FROMINSTANCETYPE ="Filter" TOFIELD ="DEPARTMENT_PHONE" TOINSTANCE ="EXPTRANS2" TOINSTANCETYPE ="Expression"/>
        <CONNECTOR FROMFIELD ="DEPARTMENT_HOD" FROMINSTANCE ="FILTRANS" FROMINSTANCETYPE ="Filter" TOFIELD ="DEPARTMENT_HOD" TOINSTANCE ="EXPTRANS2" TOINSTANCETYPE ="Expression"/>
        <CONNECTOR FROMFIELD ="DEPARTMENT_NAME" FROMINSTANCE ="EXPTRANS2" FROMINSTANCETYPE ="Expression" TOFIELD ="DEPARTMENT_NAME" TOINSTANCE ="EXPTRANS1" TOINSTANCETYPE ="Expression"/>
        <CONNECTOR FROMFIELD ="DEPARTMENT_NO" FROMINSTANCE ="EXPTRANS2" FROMINSTANCETYPE ="Expression" TOFIELD ="DEPARTMENT_NO" TOINSTANCE ="EXPTRANS1" TOINSTANCETYPE ="Expression"/>
        <CONNECTOR FROMFIELD ="o_phone" FROMINSTANCE ="EXPTRANS2" FROMINSTANCETYPE ="Expression" TOFIELD ="DEPARTMENT_PHONE" TOINSTANCE ="EXPTRANS1" TOINSTANCETYPE ="Expression"/>
        <CONNECTOR FROMFIELD ="DEPARTMENT_HOD" FROMINSTANCE ="EXPTRANS2" FROMINSTANCETYPE ="Expression" TOFIELD ="DEPARTMENT_HOD" TOINSTANCE ="EXPTRANS1" TOINSTANCETYPE ="Expression"/>
        <CONNECTOR FROMFIELD ="o_name" FROMINSTANCE ="EXPTRANS1" FROMINSTANCETYPE ="Expression" TOFIELD ="DEPARTMENT_NAME" TOINSTANCE ="EXPTRANS" TOINSTANCETYPE ="Expression"/>
        <CONNECTOR FROMFIELD ="o_phone" FROMINSTANCE ="EXPTRANS1" FROMINSTANCETYPE ="Expression" TOFIELD ="DEPARTMENT_PHONE" TOINSTANCE ="EXPTRANS" TOINSTANCETYPE ="Expression"/>
        <CONNECTOR FROMFIELD ="DEPARTMENT_HOD" FROMINSTANCE ="EXPTRANS1" FROMINSTANCETYPE ="Expression" TOFIELD ="DEPARTMENT_HOD" TOINSTANCE ="EXPTRANS" TOINSTANCETYPE ="Expression"/>
        <CONNECTOR FROMFIELD ="O_NUMBER" FROMINSTANCE ="EXPTRANS1" FROMINSTANCETYPE ="Expression" TOFIELD ="DEPARTMENT_NO" TOINSTANCE ="EXPTRANS" TOINSTANCETYPE ="Expression"/>
        <CONNECTOR FROMFIELD ="O_NUMBER" FROMINSTANCE ="EXPTRANS1" FROMINSTANCETYPE ="Expression" TOFIELD ="O_NUMBER" TOINSTANCE ="LKPTRANS" TOINSTANCETYPE ="Lookup Procedure"/>
        <CONNECTOR FROMFIELD ="DEPARTMENT_HOD" FROMINSTANCE ="EXPTRANS" FROMINSTANCETYPE ="Expression" TOFIELD ="DEPARTMENT_HOD" TOINSTANCE ="RTRTRANS" TOINSTANCETYPE ="Router"/>
        <CONNECTOR FROMFIELD ="insert_record" FROMINSTANCE ="EXPTRANS" FROMINSTANCETYPE ="Expression" TOFIELD ="insert_record" TOINSTANCE ="RTRTRANS" TOINSTANCETYPE ="Router"/>
        <CONNECTOR FROMFIELD ="update_record" FROMINSTANCE ="EXPTRANS" FROMINSTANCETYPE ="Expression" TOFIELD ="update_record" TOINSTANCE ="RTRTRANS" TOINSTANCETYPE ="Router"/>
        <CONNECTOR FROMFIELD ="DEPARTMENT_NAME" FROMINSTANCE ="EXPTRANS" FROMINSTANCETYPE ="Expression" TOFIELD ="DEPARTMENT_NAME" TOINSTANCE ="RTRTRANS" TOINSTANCETYPE ="Router"/>
        <CONNECTOR FROMFIELD ="DEPARTMENT_NO" FROMINSTANCE ="EXPTRANS" FROMINSTANCETYPE ="Expression" TOFIELD ="DEPARTMENT_NO" TOINSTANCE ="RTRTRANS" TOINSTANCETYPE ="Router"/>
        <CONNECTOR FROMFIELD ="DEPARTMENT_PHONE" FROMINSTANCE ="EXPTRANS" FROMINSTANCETYPE ="Expression" TOFIELD ="DEPARTMENT_PHONE" TOINSTANCE ="RTRTRANS" TOINSTANCETYPE ="Router"/>
        <CONNECTOR FROMFIELD ="DEPARTMENT_NAME3" FROMINSTANCE ="RTRTRANS" FROMINSTANCETYPE ="Router" TOFIELD ="DEPARTMENT_NAME3" TOINSTANCE ="UPDTRANS" TOINSTANCETYPE ="Update Strategy"/>
        <CONNECTOR FROMFIELD ="DEPARTMENT_NO3" FROMINSTANCE ="RTRTRANS" FROMINSTANCETYPE ="Router" TOFIELD ="DEPARTMENT_NO3" TOINSTANCE ="UPDTRANS" TOINSTANCETYPE ="Update Strategy"/>
        <CONNECTOR FROMFIELD ="DEPARTMENT_PHONE3" FROMINSTANCE ="RTRTRANS" FROMINSTANCETYPE ="Router" TOFIELD ="DEPARTMENT_PHONE3" TOINSTANCE ="UPDTRANS" TOINSTANCETYPE ="Update Strategy"/>
        <CONNECTOR FROMFIELD ="DEPARTMENT_HOD3" FROMINSTANCE ="RTRTRANS" FROMINSTANCETYPE ="Router" TOFIELD ="DEPARTMENT_HOD3" TOINSTANCE ="UPDTRANS" TOINSTANCETYPE ="Update Strategy"/>
        <CONNECTOR FROMFIELD ="DEPARTMENT_ID" FROMINSTANCE ="LKPTRANS" FROMINSTANCETYPE ="Lookup Procedure" TOFIELD ="lkp_DEPARTMENT_ID" TOINSTANCE ="EXPTRANS" TOINSTANCETYPE ="Expression"/>
        <CONNECTOR FROMFIELD ="DEPARTMENT_NAME" FROMINSTANCE ="LKPTRANS" FROMINSTANCETYPE ="Lookup Procedure" TOFIELD ="lkp_DEPARTMENT_NAME1" TOINSTANCE ="EXPTRANS" TOINSTANCETYPE ="Expression"/>
        <CONNECTOR FROMFIELD ="DEPARTMENT_NO" FROMINSTANCE ="LKPTRANS" FROMINSTANCETYPE ="Lookup Procedure" TOFIELD ="lkp_DEPARTMENT_NO1" TOINSTANCE ="EXPTRANS" TOINSTANCETYPE ="Expression"/>
        <CONNECTOR FROMFIELD ="DEPARTMENT_PHONE" FROMINSTANCE ="LKPTRANS" FROMINSTANCETYPE ="Lookup Procedure" TOFIELD ="lkp_DEPARTMENT_PHONE1" TOINSTANCE ="EXPTRANS" TOINSTANCETYPE ="Expression"/>
        <CONNECTOR FROMFIELD ="DEPARTMENT_HEAD" FROMINSTANCE ="LKPTRANS" FROMINSTANCETYPE ="Lookup Procedure" TOFIELD ="lkp_DEPARTMENT_HEAD" TOINSTANCE ="EXPTRANS" TOINSTANCETYPE ="Expression"/>
        <TARGETLOADORDER ORDER ="1" TARGETINSTANCE ="t_departmentr_ins"/>
        <TARGETLOADORDER ORDER ="1" TARGETINSTANCE ="T_department_update"/>
        <MAPPINGVARIABLE AGGFUNCTION ="MAX" DATATYPE ="integer" DEFAULTVALUE ="1" DESCRIPTION ="" ISEXPRESSIONVARIABLE ="NO" ISPARAM ="NO" NAME ="$$VAR1" PRECISION ="10" SCALE ="0" USERDEFINED ="YES"/>
        <ERPINFO/>
    </MAPPING>
</FOLDER>
</REPOSITORY>
</POWERMART>