DAY,MONTH,YEAR,STUDENT_ROLL,DEPARTMENT_NO,COLLEGE_NO,COLLEGE_NAME,COURSE_NAME,FACULTY_NAME,RESULT_MARKS
12,03,2021,456001,1,1000,VIT,Applied Arts,Ms. Anuradha Daheriya,89
03,04,2021,456001,2,2000,VTRS,Data Structures,Harsh Vardhan Mishra,78
23,05,2021,456001,3,3000,VELTECH,Fluid Mechanics,Sanchi Kaushik,93
24,06,2021,456001,4,4000,BIT Mesra,Environmental Engineering,Alisha Sikri,87
15,07,2021,456001,5,5000,Haldia,Thermodynamics,Prakirti Raghuvanshi,98
30,08,2021,456001,6,6000,Heritage,Control Systems,Neelam,89
04,09,2021,456001,7,7000,BITs Pilani,Physical Metallurgy,Anamika Tiwari,77
10,10,2021,456001,8,8000,MIT,Human Anatomy,Dr. Yadvendra Pratap ,72
07,11,2021,456001,9,9000,Nit Patna,Psychology,Dr. Nidhi singh,88
27,12,2021,456001,10,1010,NIIT,Supply Chain,SHALINI SINGH,89
01,01,2022,456001,11,1111,IIT Mumbai,Object Oriented Programming,MANJINDER SINGH,93
25,02,2022,456001,12,1212,IIT Kharagpur,Signals and Systems,PREET KAMAL,97
12,03,2022,456001,13,1313,IIT Delhi,Aero Propulsion,RAM KUMAR,99
