DAY,MONTH,YEAR,STUDENT_ROLL,DEPARTMENT_NO,COLLEGE_NO,COLLEGE_NAME,COURSE_NAME,FACULTY_NAME,RESULT_MARKS
12,03,2021,456001,1,1000,VIT,Applied Arts,Ms. Anuradha Daheriya,89
03,04,2021,456001,2,2000,VTRS,Data Structures,Harsh Vardhan Mishra,78
23,05,2021,456001,3,3000,VELTECH,Fluid Mechanics,Sanchi Kaushik,93
24,06,2021,456001,4,4000,BIT Mesra,Environmental Engineering,Alisha Sikri,87
15,07,2021,456001,5,5000,Haldia,Thermodynamics,Prakirti Raghuvanshi,98
30,08,2021,456001,6,6000,Heritage,Control Systems,Neelam,89
04,09,2021,456001,7,7000,BITs Pilani,Physical Metallurgy,Anamika Tiwari,77
10,10,2021,456001,8,8000,MIT,Human Anatomy,Dr. Yadvendra Pratap ,72
07,11,2021,456001,9,9000,Nit Patna,Psychology,Dr. Nidhi singh,88
27,12,2021,456001,10,1010,NIIT,Supply Chain,SHALINI SINGH,89
01,01,2022,456001,11,1111,IIT Mumbai,Object Oriented Programming,MANJINDER SINGH,93
25,02,2022,456001,12,1212,IIT Kharagpur,Signals and Systems,PREET KAMAL,97
12,03,2022,456001,13,1313,IIT Delhi,Aero Propulsion,RAM KUMAR,99
03,04,2022,456001,14,1414,IIT Madrash,Fabric Formation,SARITA GOSWAMI,96
15,05,2022,456001,15,1515,Vels,Extractive Metallurgy,RENU CHANDA,91
23,06,2022,456001,16,1131,Anna University,Process Engineering,SEEMA DHINGRA,90
17,07,2022,456001,17,17054,Velammal,Geo Science,PAWAN KUMAR,87
19,08,2022,456001,18,41087,Sri Vivekananda,Computer analysis of Structures,HARJINDER KAUR,86
13,09,2022,456001,19,16098,Rama Krsihna ,Farm Mchinery,KAMAL VERMA,85
07,10,2022,456001,20,11398,NIT Tirichi,Digital Communication,DC Pandye,84
