<?xml version="1.0" encoding="Windows-1252"?>
<!DOCTYPE POWERMART SYSTEM "powrmart.dtd">
<POWERMART CREATION_DATE="05/19/2022 18:13:08" REPOSITORY_VERSION="186.95">
<REPOSITORY NAME="Repo_Academy" VERSION="186" CODEPAGE="MS1252" DATABASETYPE="Oracle">
<FOLDER NAME="Training_Academy" GROUP="" OWNER="infouser" SHARED="NOTSHARED" DESCRIPTION="" PERMISSIONS="rwx---r--" UUID="80c0db5a-08b0-4b43-b8e0-28b3bf1d0ac9">
    <SOURCE BUSINESSNAME ="" DATABASETYPE ="Flat File" DBDNAME ="FlatFile" DESCRIPTION ="" NAME ="CDW_UAS_COURSE2" OBJECTVERSION ="1" OWNERNAME ="" VERSIONNUMBER ="1">
        <FLATFILE CODEPAGE ="MS1252" CONSECDELIMITERSASONE ="NO" DELIMITED ="YES" DELIMITERS ="," ESCAPE_CHARACTER ="" KEEPESCAPECHAR ="NO" LINESEQUENTIAL ="NO" MULTIDELIMITERSASAND ="NO" NULLCHARTYPE ="ASCII" NULL_CHARACTER ="*" PADBYTES ="1" QUOTE_CHARACTER ="NONE" REPEATABLE ="NO" ROWDELIMITER ="0" SHIFTSENSITIVEDATA ="NO" SKIPROWS ="1" STRIPTRAILINGBLANKS ="NO"/>
        <TABLEATTRIBUTE NAME ="Base Table Name" VALUE =""/>
        <TABLEATTRIBUTE NAME ="Search Specification" VALUE =""/>
        <TABLEATTRIBUTE NAME ="Sort Specification" VALUE =""/>
        <TABLEATTRIBUTE NAME ="Datetime Format" VALUE ="A  19 mm/dd/yyyy hh24:mi:ss"/>
        <TABLEATTRIBUTE NAME ="Thousand Separator" VALUE ="None"/>
        <TABLEATTRIBUTE NAME ="Decimal Separator" VALUE ="."/>
        <TABLEATTRIBUTE NAME ="Add Currently Processed Flat File Name Port" VALUE ="NO"/>
        <TABLEATTRIBUTE NAME ="Source TimeStamp" VALUE =""/>
        <SOURCEFIELD BUSINESSNAME ="" DATATYPE ="number" DESCRIPTION ="" FIELDNUMBER ="1" FIELDPROPERTY ="0" FIELDTYPE ="ELEMITEM" HIDDEN ="NO" KEYTYPE ="NOT A KEY" LENGTH ="10" LEVEL ="0" NAME ="COURSE_CODE" NULLABLE ="NULL" OCCURS ="0" OFFSET ="0" PHYSICALLENGTH ="10" PHYSICALOFFSET ="0" PICTURETEXT ="" PRECISION ="10" SCALE ="0" USAGE_FLAGS =""/>
        <SOURCEFIELD BUSINESSNAME ="" DATATYPE ="string" DESCRIPTION ="" FIELDNUMBER ="2" FIELDPROPERTY ="0" FIELDTYPE ="ELEMITEM" HIDDEN ="NO" KEYTYPE ="NOT A KEY" LENGTH ="30" LEVEL ="0" NAME ="COURSE_NAME" NULLABLE ="NULL" OCCURS ="0" OFFSET ="10" PHYSICALLENGTH ="30" PHYSICALOFFSET ="10" PICTURETEXT ="" PRECISION ="30" SCALE ="0" USAGE_FLAGS =""/>
        <SOURCEFIELD BUSINESSNAME ="" DATATYPE ="string" DESCRIPTION ="" FIELDNUMBER ="3" FIELDPROPERTY ="0" FIELDTYPE ="ELEMITEM" HIDDEN ="NO" KEYTYPE ="NOT A KEY" LENGTH ="9" LEVEL ="0" NAME ="DEPARTMENT_NO" NULLABLE ="NULL" OCCURS ="0" OFFSET ="40" PHYSICALLENGTH ="9" PHYSICALOFFSET ="40" PICTURETEXT ="" PRECISION ="9" SCALE ="0" USAGE_FLAGS =""/>
        <SOURCEFIELD BUSINESSNAME ="" DATATYPE ="string" DESCRIPTION ="" FIELDNUMBER ="4" FIELDPROPERTY ="0" FIELDTYPE ="ELEMITEM" HIDDEN ="NO" KEYTYPE ="NOT A KEY" LENGTH ="9" LEVEL ="0" NAME ="MARK_REQ" NULLABLE ="NULL" OCCURS ="0" OFFSET ="49" PHYSICALLENGTH ="9" PHYSICALOFFSET ="49" PICTURETEXT ="" PRECISION ="9" SCALE ="0" USAGE_FLAGS =""/>
    </SOURCE>
    <TARGET BUSINESSNAME ="" CONSTRAINT ="" DATABASETYPE ="Oracle" DESCRIPTION ="" NAME ="CDW_SAPP_D_COURSE2" OBJECTVERSION ="1" TABLEOPTIONS ="" VERSIONNUMBER ="1">
        <TARGETFIELD BUSINESSNAME ="" DATATYPE ="number(p,s)" DESCRIPTION ="" FIELDNUMBER ="1" KEYTYPE ="PRIMARY KEY" NAME ="COURSE_CODE" NULLABLE ="NOTNULL" PICTURETEXT ="" PRECISION ="10" SCALE ="0"/>
        <TARGETFIELD BUSINESSNAME ="" DATATYPE ="nvarchar2" DESCRIPTION ="" FIELDNUMBER ="2" KEYTYPE ="NOT A KEY" NAME ="COURSE_NAME" NULLABLE ="NULL" PICTURETEXT ="" PRECISION ="30" SCALE ="0"/>
        <TARGETFIELD BUSINESSNAME ="" DATATYPE ="number(p,s)" DESCRIPTION ="" FIELDNUMBER ="3" KEYTYPE ="NOT A KEY" NAME ="DEPARTMENT_ID" NULLABLE ="NOTNULL" PICTURETEXT ="" PRECISION ="10" SCALE ="0"/>
        <TARGETFIELD BUSINESSNAME ="" DATATYPE ="nvarchar2" DESCRIPTION ="" FIELDNUMBER ="4" KEYTYPE ="NOT A KEY" NAME ="MARK_REQ" NULLABLE ="NULL" PICTURETEXT ="" PRECISION ="9" SCALE ="0"/>
    </TARGET>
    <MAPPING DESCRIPTION ="" ISVALID ="YES" NAME ="m_CDW_SAPP_D_COURSE" OBJECTVERSION ="1" VERSIONNUMBER ="1">
        <TRANSFORMATION DESCRIPTION ="" NAME ="SQ_CDW_UAS_COURSE1" OBJECTVERSION ="1" REUSABLE ="NO" TYPE ="Source Qualifier" VERSIONNUMBER ="1">
            <TRANSFORMFIELD DATATYPE ="decimal" DEFAULTVALUE ="" DESCRIPTION ="" NAME ="COURSE_CODE" PICTURETEXT ="" PORTTYPE ="INPUT/OUTPUT" PRECISION ="10" SCALE ="0"/>
            <TRANSFORMFIELD DATATYPE ="string" DEFAULTVALUE ="" DESCRIPTION ="" NAME ="COURSE_NAME" PICTURETEXT ="" PORTTYPE ="INPUT/OUTPUT" PRECISION ="30" SCALE ="0"/>
            <TRANSFORMFIELD DATATYPE ="string" DEFAULTVALUE ="" DESCRIPTION ="" NAME ="DEPARTMENT_NO" PICTURETEXT ="" PORTTYPE ="INPUT/OUTPUT" PRECISION ="9" SCALE ="0"/>
            <TRANSFORMFIELD DATATYPE ="string" DEFAULTVALUE ="" DESCRIPTION ="" NAME ="MARK_REQ" PICTURETEXT ="" PORTTYPE ="INPUT/OUTPUT" PRECISION ="9" SCALE ="0"/>
            <TABLEATTRIBUTE NAME ="Sql Query" VALUE =""/>
            <TABLEATTRIBUTE NAME ="User Defined Join" VALUE =""/>
            <TABLEATTRIBUTE NAME ="Source Filter" VALUE =""/>
            <TABLEATTRIBUTE NAME ="Number Of Sorted Ports" VALUE ="0"/>
            <TABLEATTRIBUTE NAME ="Tracing Level" VALUE ="Normal"/>
            <TABLEATTRIBUTE NAME ="Select Distinct" VALUE ="NO"/>
            <TABLEATTRIBUTE NAME ="Is Partitionable" VALUE ="NO"/>
            <TABLEATTRIBUTE NAME ="Pre SQL" VALUE =""/>
            <TABLEATTRIBUTE NAME ="Post SQL" VALUE =""/>
            <TABLEATTRIBUTE NAME ="Output is deterministic" VALUE ="NO"/>
            <TABLEATTRIBUTE NAME ="Output is repeatable" VALUE ="Never"/>
        </TRANSFORMATION>
        <TRANSFORMATION DESCRIPTION ="" NAME ="rtr_SCD" OBJECTVERSION ="1" REUSABLE ="NO" TYPE ="Router" VERSIONNUMBER ="1">
            <GROUP DESCRIPTION ="" NAME ="INPUT" ORDER ="1" TYPE ="INPUT"/>
            <GROUP DESCRIPTION ="" EXPRESSION ="o_NEW_RECORD" NAME ="INSERT_RECORDS" ORDER ="2" TYPE ="OUTPUT"/>
            <GROUP DESCRIPTION ="Path for the data when none of the group conditions are satisfied." NAME ="DEFAULT1" ORDER ="4" TYPE ="OUTPUT/DEFAULT"/>
            <GROUP DESCRIPTION ="" EXPRESSION ="o_UPDATE_RECORD" NAME ="UPDATE_RECORDS" ORDER ="3" TYPE ="OUTPUT"/>
            <TRANSFORMFIELD DATATYPE ="decimal" DEFAULTVALUE ="" DESCRIPTION ="" GROUP ="INPUT" NAME ="COURSE_CODE" PICTURETEXT ="" PORTTYPE ="INPUT" PRECISION ="10" SCALE ="0"/>
            <TRANSFORMFIELD DATATYPE ="string" DEFAULTVALUE ="" DESCRIPTION ="" GROUP ="INPUT" NAME ="COURSE_NAME" PICTURETEXT ="" PORTTYPE ="INPUT" PRECISION ="30" SCALE ="0"/>
            <TRANSFORMFIELD DATATYPE ="decimal" DEFAULTVALUE ="" DESCRIPTION ="" GROUP ="INPUT" NAME ="DEPARTMENT_ID" PICTURETEXT ="" PORTTYPE ="INPUT" PRECISION ="10" SCALE ="0"/>
            <TRANSFORMFIELD DATATYPE ="string" DEFAULTVALUE ="" DESCRIPTION ="" GROUP ="INPUT" NAME ="MARK_REQ" PICTURETEXT ="" PORTTYPE ="INPUT" PRECISION ="9" SCALE ="0"/>
            <TRANSFORMFIELD DATATYPE ="string" DEFAULTVALUE ="" DESCRIPTION ="" GROUP ="INPUT" NAME ="o_NEW_RECORD" PICTURETEXT ="" PORTTYPE ="INPUT" PRECISION ="10" SCALE ="0"/>
            <TRANSFORMFIELD DATATYPE ="string" DEFAULTVALUE ="" DESCRIPTION ="" GROUP ="INPUT" NAME ="o_UPDATE_RECORD" PICTURETEXT ="" PORTTYPE ="INPUT" PRECISION ="10" SCALE ="0"/>
            <TRANSFORMFIELD DATATYPE ="decimal" DEFAULTVALUE ="" DESCRIPTION ="" GROUP ="INSERT_RECORDS" NAME ="COURSE_CODE1" PICTURETEXT ="" PORTTYPE ="OUTPUT" PRECISION ="10" REF_FIELD ="COURSE_CODE" SCALE ="0"/>
            <TRANSFORMFIELD DATATYPE ="string" DEFAULTVALUE ="" DESCRIPTION ="" GROUP ="INSERT_RECORDS" NAME ="COURSE_NAME1" PICTURETEXT ="" PORTTYPE ="OUTPUT" PRECISION ="30" REF_FIELD ="COURSE_NAME" SCALE ="0"/>
            <TRANSFORMFIELD DATATYPE ="decimal" DEFAULTVALUE ="" DESCRIPTION ="" GROUP ="INSERT_RECORDS" NAME ="DEPARTMENT_ID1" PICTURETEXT ="" PORTTYPE ="OUTPUT" PRECISION ="10" REF_FIELD ="DEPARTMENT_ID" SCALE ="0"/>
            <TRANSFORMFIELD DATATYPE ="string" DEFAULTVALUE ="" DESCRIPTION ="" GROUP ="INSERT_RECORDS" NAME ="MARK_REQ1" PICTURETEXT ="" PORTTYPE ="OUTPUT" PRECISION ="9" REF_FIELD ="MARK_REQ" SCALE ="0"/>
            <TRANSFORMFIELD DATATYPE ="string" DEFAULTVALUE ="" DESCRIPTION ="" GROUP ="INSERT_RECORDS" NAME ="o_NEW_RECORD1" PICTURETEXT ="" PORTTYPE ="OUTPUT" PRECISION ="10" REF_FIELD ="o_NEW_RECORD" SCALE ="0"/>
            <TRANSFORMFIELD DATATYPE ="string" DEFAULTVALUE ="" DESCRIPTION ="" GROUP ="INSERT_RECORDS" NAME ="o_UPDATE_RECORD1" PICTURETEXT ="" PORTTYPE ="OUTPUT" PRECISION ="10" REF_FIELD ="o_UPDATE_RECORD" SCALE ="0"/>
            <TRANSFORMFIELD DATATYPE ="decimal" DEFAULTVALUE ="" DESCRIPTION ="" GROUP ="UPDATE_RECORDS" NAME ="COURSE_CODE3" PICTURETEXT ="" PORTTYPE ="OUTPUT" PRECISION ="10" REF_FIELD ="COURSE_CODE" SCALE ="0"/>
            <TRANSFORMFIELD DATATYPE ="string" DEFAULTVALUE ="" DESCRIPTION ="" GROUP ="UPDATE_RECORDS" NAME ="COURSE_NAME3" PICTURETEXT ="" PORTTYPE ="OUTPUT" PRECISION ="30" REF_FIELD ="COURSE_NAME" SCALE ="0"/>
            <TRANSFORMFIELD DATATYPE ="decimal" DEFAULTVALUE ="" DESCRIPTION ="" GROUP ="UPDATE_RECORDS" NAME ="DEPARTMENT_ID3" PICTURETEXT ="" PORTTYPE ="OUTPUT" PRECISION ="10" REF_FIELD ="DEPARTMENT_ID" SCALE ="0"/>
            <TRANSFORMFIELD DATATYPE ="string" DEFAULTVALUE ="" DESCRIPTION ="" GROUP ="UPDATE_RECORDS" NAME ="MARK_REQ3" PICTURETEXT ="" PORTTYPE ="OUTPUT" PRECISION ="9" REF_FIELD ="MARK_REQ" SCALE ="0"/>
            <TRANSFORMFIELD DATATYPE ="string" DEFAULTVALUE ="" DESCRIPTION ="" GROUP ="UPDATE_RECORDS" NAME ="o_NEW_RECORD3" PICTURETEXT ="" PORTTYPE ="OUTPUT" PRECISION ="10" REF_FIELD ="o_NEW_RECORD" SCALE ="0"/>
            <TRANSFORMFIELD DATATYPE ="string" DEFAULTVALUE ="" DESCRIPTION ="" GROUP ="UPDATE_RECORDS" NAME ="o_UPDATE_RECORD3" PICTURETEXT ="" PORTTYPE ="OUTPUT" PRECISION ="10" REF_FIELD ="o_UPDATE_RECORD" SCALE ="0"/>
            <TRANSFORMFIELD DATATYPE ="decimal" DEFAULTVALUE ="" DESCRIPTION ="" GROUP ="DEFAULT1" NAME ="COURSE_CODE2" PICTURETEXT ="" PORTTYPE ="OUTPUT" PRECISION ="10" REF_FIELD ="COURSE_CODE" SCALE ="0"/>
            <TRANSFORMFIELD DATATYPE ="string" DEFAULTVALUE ="" DESCRIPTION ="" GROUP ="DEFAULT1" NAME ="COURSE_NAME2" PICTURETEXT ="" PORTTYPE ="OUTPUT" PRECISION ="30" REF_FIELD ="COURSE_NAME" SCALE ="0"/>
            <TRANSFORMFIELD DATATYPE ="decimal" DEFAULTVALUE ="" DESCRIPTION ="" GROUP ="DEFAULT1" NAME ="DEPARTMENT_ID2" PICTURETEXT ="" PORTTYPE ="OUTPUT" PRECISION ="10" REF_FIELD ="DEPARTMENT_ID" SCALE ="0"/>
            <TRANSFORMFIELD DATATYPE ="string" DEFAULTVALUE ="" DESCRIPTION ="" GROUP ="DEFAULT1" NAME ="MARK_REQ2" PICTURETEXT ="" PORTTYPE ="OUTPUT" PRECISION ="9" REF_FIELD ="MARK_REQ" SCALE ="0"/>
            <TRANSFORMFIELD DATATYPE ="string" DEFAULTVALUE ="" DESCRIPTION ="" GROUP ="DEFAULT1" NAME ="o_NEW_RECORD2" PICTURETEXT ="" PORTTYPE ="OUTPUT" PRECISION ="10" REF_FIELD ="o_NEW_RECORD" SCALE ="0"/>
            <TRANSFORMFIELD DATATYPE ="string" DEFAULTVALUE ="" DESCRIPTION ="" GROUP ="DEFAULT1" NAME ="o_UPDATE_RECORD2" PICTURETEXT ="" PORTTYPE ="OUTPUT" PRECISION ="10" REF_FIELD ="o_UPDATE_RECORD" SCALE ="0"/>
            <TABLEATTRIBUTE NAME ="Tracing Level" VALUE ="Normal"/>
        </TRANSFORMATION>
        <TRANSFORMATION DESCRIPTION ="" NAME ="upd_SCD" OBJECTVERSION ="1" REUSABLE ="NO" TYPE ="Update Strategy" VERSIONNUMBER ="1">
            <TRANSFORMFIELD DATATYPE ="decimal" DEFAULTVALUE ="" DESCRIPTION ="" NAME ="COURSE_CODE3" PICTURETEXT ="" PORTTYPE ="INPUT/OUTPUT" PRECISION ="10" SCALE ="0"/>
            <TRANSFORMFIELD DATATYPE ="string" DEFAULTVALUE ="" DESCRIPTION ="" NAME ="COURSE_NAME3" PICTURETEXT ="" PORTTYPE ="INPUT/OUTPUT" PRECISION ="30" SCALE ="0"/>
            <TRANSFORMFIELD DATATYPE ="decimal" DEFAULTVALUE ="" DESCRIPTION ="" NAME ="DEPARTMENT_ID3" PICTURETEXT ="" PORTTYPE ="INPUT/OUTPUT" PRECISION ="10" SCALE ="0"/>
            <TRANSFORMFIELD DATATYPE ="string" DEFAULTVALUE ="" DESCRIPTION ="" NAME ="MARK_REQ3" PICTURETEXT ="" PORTTYPE ="INPUT/OUTPUT" PRECISION ="9" SCALE ="0"/>
            <TABLEATTRIBUTE NAME ="Update Strategy Expression" VALUE ="1"/>
            <TABLEATTRIBUTE NAME ="Forward Rejected Rows" VALUE ="YES"/>
            <TABLEATTRIBUTE NAME ="Tracing Level" VALUE ="Normal"/>
        </TRANSFORMATION>
        <TRANSFORMATION DESCRIPTION ="" NAME ="exp_update_insert_check" OBJECTVERSION ="1" REUSABLE ="NO" TYPE ="Expression" VERSIONNUMBER ="1">
            <TRANSFORMFIELD DATATYPE ="decimal" DEFAULTVALUE ="" DESCRIPTION ="" EXPRESSION ="COURSE_CODE" EXPRESSIONTYPE ="GENERAL" NAME ="COURSE_CODE" PICTURETEXT ="" PORTTYPE ="INPUT/OUTPUT" PRECISION ="10" SCALE ="0"/>
            <TRANSFORMFIELD DATATYPE ="string" DEFAULTVALUE ="" DESCRIPTION ="" EXPRESSION ="COURSE_NAME" EXPRESSIONTYPE ="GENERAL" NAME ="COURSE_NAME" PICTURETEXT ="" PORTTYPE ="INPUT/OUTPUT" PRECISION ="30" SCALE ="0"/>
            <TRANSFORMFIELD DATATYPE ="decimal" DEFAULTVALUE ="" DESCRIPTION ="" EXPRESSION ="DEPARTMENT_ID" EXPRESSIONTYPE ="GENERAL" NAME ="DEPARTMENT_ID" PICTURETEXT ="" PORTTYPE ="INPUT/OUTPUT" PRECISION ="10" SCALE ="0"/>
            <TRANSFORMFIELD DATATYPE ="string" DEFAULTVALUE ="" DESCRIPTION ="" EXPRESSION ="MARK_REQ" EXPRESSIONTYPE ="GENERAL" NAME ="MARK_REQ" PICTURETEXT ="" PORTTYPE ="INPUT/OUTPUT" PRECISION ="9" SCALE ="0"/>
            <TRANSFORMFIELD DATATYPE ="decimal" DEFAULTVALUE ="" DESCRIPTION ="" EXPRESSION ="LKP_COURSE_CODE" EXPRESSIONTYPE ="GENERAL" NAME ="LKP_COURSE_CODE" PICTURETEXT ="" PORTTYPE ="INPUT/OUTPUT" PRECISION ="10" SCALE ="0"/>
            <TRANSFORMFIELD DATATYPE ="nstring" DEFAULTVALUE ="" DESCRIPTION ="" EXPRESSION ="LKP_COURSE_NAME" EXPRESSIONTYPE ="GENERAL" NAME ="LKP_COURSE_NAME" PICTURETEXT ="" PORTTYPE ="INPUT/OUTPUT" PRECISION ="30" SCALE ="0"/>
            <TRANSFORMFIELD DATATYPE ="decimal" DEFAULTVALUE ="" DESCRIPTION ="" EXPRESSION ="LKP_DEPARTMENT_ID" EXPRESSIONTYPE ="GENERAL" NAME ="LKP_DEPARTMENT_ID" PICTURETEXT ="" PORTTYPE ="INPUT/OUTPUT" PRECISION ="10" SCALE ="0"/>
            <TRANSFORMFIELD DATATYPE ="nstring" DEFAULTVALUE ="" DESCRIPTION ="" EXPRESSION ="LKP_MARK_REQ" EXPRESSIONTYPE ="GENERAL" NAME ="LKP_MARK_REQ" PICTURETEXT ="" PORTTYPE ="INPUT/OUTPUT" PRECISION ="9" SCALE ="0"/>
            <TRANSFORMFIELD DATATYPE ="string" DEFAULTVALUE ="ERROR(&apos;transformation error&apos;)" DESCRIPTION ="" EXPRESSION ="IIF(ISNULL(LKP_COURSE_CODE),TRUE,FALSE)" EXPRESSIONTYPE ="GENERAL" NAME ="o_NEW_RECORD" PICTURETEXT ="" PORTTYPE ="OUTPUT" PRECISION ="10" SCALE ="0"/>
            <TRANSFORMFIELD DATATYPE ="string" DEFAULTVALUE ="ERROR(&apos;transformation error&apos;)" DESCRIPTION ="" EXPRESSION ="IIF(LKP_COURSE_CODE = COURSE_CODE AND COURSE_NAME != LKP_COURSE_NAME OR DEPARTMENT_ID != LKP_DEPARTMENT_ID OR MARK_REQ != LKP_MARK_REQ,TRUE,FALSE)" EXPRESSIONTYPE ="GENERAL" NAME ="o_UPDATE_RECORD" PICTURETEXT ="" PORTTYPE ="OUTPUT" PRECISION ="10" SCALE ="0"/>
            <TABLEATTRIBUTE NAME ="Tracing Level" VALUE ="Normal"/>
        </TRANSFORMATION>
        <TRANSFORMATION DESCRIPTION ="" NAME ="exp_UAS" OBJECTVERSION ="1" REUSABLE ="NO" TYPE ="Expression" VERSIONNUMBER ="1">
            <TRANSFORMFIELD DATATYPE ="decimal" DEFAULTVALUE ="" DESCRIPTION ="" NAME ="COURSE_CODE" PICTURETEXT ="" PORTTYPE ="INPUT" PRECISION ="10" SCALE ="0"/>
            <TRANSFORMFIELD DATATYPE ="string" DEFAULTVALUE ="" DESCRIPTION ="" NAME ="COURSE_NAME" PICTURETEXT ="" PORTTYPE ="INPUT" PRECISION ="30" SCALE ="0"/>
            <TRANSFORMFIELD DATATYPE ="string" DEFAULTVALUE ="" DESCRIPTION ="" EXPRESSION ="DEPT_NO" EXPRESSIONTYPE ="GENERAL" NAME ="DEPT_NO" PICTURETEXT ="" PORTTYPE ="INPUT/OUTPUT" PRECISION ="9" SCALE ="0"/>
            <TRANSFORMFIELD DATATYPE ="string" DEFAULTVALUE ="" DESCRIPTION ="" EXPRESSION ="MARK_REQ" EXPRESSIONTYPE ="GENERAL" NAME ="MARK_REQ" PICTURETEXT ="" PORTTYPE ="INPUT/OUTPUT" PRECISION ="9" SCALE ="0"/>
            <TRANSFORMFIELD DATATYPE ="decimal" DEFAULTVALUE ="ERROR(&apos;transformation error&apos;)" DESCRIPTION ="" EXPRESSION ="IIF(ISNULL(COURSE_CODE),ABORT(&apos;Invalid Course Code&apos;),COURSE_CODE)" EXPRESSIONTYPE ="GENERAL" NAME ="o_COURSE_CODE" PICTURETEXT ="" PORTTYPE ="OUTPUT" PRECISION ="30" SCALE ="0"/>
            <TRANSFORMFIELD DATATYPE ="string" DEFAULTVALUE ="ERROR(&apos;transformation error&apos;)" DESCRIPTION ="" EXPRESSION ="RTRIM(COURSE_NAME,&apos; &apos;)" EXPRESSIONTYPE ="GENERAL" NAME ="o_COURSE_NAME" PICTURETEXT ="" PORTTYPE ="OUTPUT" PRECISION ="10" SCALE ="0"/>
            <TRANSFORMFIELD DATATYPE ="decimal" DEFAULTVALUE ="ERROR(&apos;transformation error&apos;)" DESCRIPTION ="" EXPRESSION ="TO_DECIMAL(DEPT_NO)" EXPRESSIONTYPE ="GENERAL" NAME ="o_DEPT_NO" PICTURETEXT ="" PORTTYPE ="OUTPUT" PRECISION ="10" SCALE ="0"/>
            <TABLEATTRIBUTE NAME ="Tracing Level" VALUE ="Normal"/>
        </TRANSFORMATION>
        <TRANSFORMATION DESCRIPTION ="" NAME ="lkp_dept_join" OBJECTVERSION ="1" REUSABLE ="NO" TYPE ="Lookup Procedure" VERSIONNUMBER ="1">
            <TRANSFORMFIELD DATATYPE ="decimal" DEFAULTVALUE ="" DESCRIPTION ="" NAME ="DEPARTMENT_ID" PICTURETEXT ="" PORTTYPE ="LOOKUP/OUTPUT" PRECISION ="10" SCALE ="0"/>
            <TRANSFORMFIELD DATATYPE ="nstring" DEFAULTVALUE ="" DESCRIPTION ="" NAME ="DEPARTMENT_NAME" PICTURETEXT ="" PORTTYPE ="LOOKUP/OUTPUT" PRECISION ="30" SCALE ="0"/>
            <TRANSFORMFIELD DATATYPE ="decimal" DEFAULTVALUE ="" DESCRIPTION ="" NAME ="DEPARTMENT_NO" PICTURETEXT ="" PORTTYPE ="LOOKUP/OUTPUT" PRECISION ="9" SCALE ="0"/>
            <TRANSFORMFIELD DATATYPE ="nstring" DEFAULTVALUE ="" DESCRIPTION ="" NAME ="DEPARTMENT_PHONE" PICTURETEXT ="" PORTTYPE ="LOOKUP/OUTPUT" PRECISION ="12" SCALE ="0"/>
            <TRANSFORMFIELD DATATYPE ="nstring" DEFAULTVALUE ="" DESCRIPTION ="" NAME ="DEPARTMENT_HEAD" PICTURETEXT ="" PORTTYPE ="LOOKUP/OUTPUT" PRECISION ="30" SCALE ="0"/>
            <TRANSFORMFIELD DATATYPE ="decimal" DEFAULTVALUE ="" DESCRIPTION ="" NAME ="in_DEPT_NO" PICTURETEXT ="" PORTTYPE ="INPUT/OUTPUT" PRECISION ="10" SCALE ="0"/>
            <TABLEATTRIBUTE NAME ="Lookup Sql Override" VALUE =""/>
            <TABLEATTRIBUTE NAME ="Lookup table name" VALUE ="CDW_UAS_D_DEPARTMENT"/>
            <TABLEATTRIBUTE NAME ="Lookup Source Filter" VALUE =""/>
            <TABLEATTRIBUTE NAME ="Lookup caching enabled" VALUE ="YES"/>
            <TABLEATTRIBUTE NAME ="Lookup policy on multiple match" VALUE ="Use Any Value"/>
            <TABLEATTRIBUTE NAME ="Lookup condition" VALUE ="DEPARTMENT_NO = in_DEPT_NO"/>
            <TABLEATTRIBUTE NAME ="Connection Information" VALUE ="Oracle_POC"/>
            <TABLEATTRIBUTE NAME ="Source Type" VALUE ="Database"/>
            <TABLEATTRIBUTE NAME ="Recache if Stale" VALUE ="NO"/>
            <TABLEATTRIBUTE NAME ="Tracing Level" VALUE ="Normal"/>
            <TABLEATTRIBUTE NAME ="Lookup cache directory name" VALUE ="$PMCacheDir"/>
            <TABLEATTRIBUTE NAME ="Lookup cache initialize" VALUE ="NO"/>
            <TABLEATTRIBUTE NAME ="Lookup cache persistent" VALUE ="NO"/>
            <TABLEATTRIBUTE NAME ="Lookup Data Cache Size" VALUE ="Auto"/>
            <TABLEATTRIBUTE NAME ="Lookup Index Cache Size" VALUE ="Auto"/>
            <TABLEATTRIBUTE NAME ="Dynamic Lookup Cache" VALUE ="NO"/>
            <TABLEATTRIBUTE NAME ="Synchronize Dynamic Cache" VALUE ="NO"/>
            <TABLEATTRIBUTE NAME ="Output Old Value On Update" VALUE ="NO"/>
            <TABLEATTRIBUTE NAME ="Update Dynamic Cache Condition" VALUE ="TRUE"/>
            <TABLEATTRIBUTE NAME ="Cache File Name Prefix" VALUE =""/>
            <TABLEATTRIBUTE NAME ="Re-cache from lookup source" VALUE ="NO"/>
            <TABLEATTRIBUTE NAME ="Insert Else Update" VALUE ="NO"/>
            <TABLEATTRIBUTE NAME ="Update Else Insert" VALUE ="NO"/>
            <TABLEATTRIBUTE NAME ="Datetime Format" VALUE =""/>
            <TABLEATTRIBUTE NAME ="Thousand Separator" VALUE ="None"/>
            <TABLEATTRIBUTE NAME ="Decimal Separator" VALUE ="."/>
            <TABLEATTRIBUTE NAME ="Case Sensitive String Comparison" VALUE ="NO"/>
            <TABLEATTRIBUTE NAME ="Null ordering" VALUE ="Null Is Highest Value"/>
            <TABLEATTRIBUTE NAME ="Sorted Input" VALUE ="NO"/>
            <TABLEATTRIBUTE NAME ="Lookup source is static" VALUE ="NO"/>
            <TABLEATTRIBUTE NAME ="Pre-build lookup cache" VALUE ="Auto"/>
            <TABLEATTRIBUTE NAME ="Subsecond Precision" VALUE ="6"/>
        </TRANSFORMATION>
        <TRANSFORMATION DESCRIPTION ="" NAME ="lkp_scd" OBJECTVERSION ="1" REUSABLE ="NO" TYPE ="Lookup Procedure" VERSIONNUMBER ="1">
            <TRANSFORMFIELD DATATYPE ="decimal" DEFAULTVALUE ="" DESCRIPTION ="" NAME ="COURSE_CODE" PICTURETEXT ="" PORTTYPE ="LOOKUP/OUTPUT" PRECISION ="10" SCALE ="0"/>
            <TRANSFORMFIELD DATATYPE ="nstring" DEFAULTVALUE ="" DESCRIPTION ="" NAME ="COURSE_NAME" PICTURETEXT ="" PORTTYPE ="LOOKUP/OUTPUT" PRECISION ="30" SCALE ="0"/>
            <TRANSFORMFIELD DATATYPE ="decimal" DEFAULTVALUE ="" DESCRIPTION ="" NAME ="DEPARTMENT_ID" PICTURETEXT ="" PORTTYPE ="LOOKUP/OUTPUT" PRECISION ="10" SCALE ="0"/>
            <TRANSFORMFIELD DATATYPE ="nstring" DEFAULTVALUE ="" DESCRIPTION ="" NAME ="MARK_REQ" PICTURETEXT ="" PORTTYPE ="LOOKUP/OUTPUT" PRECISION ="9" SCALE ="0"/>
            <TRANSFORMFIELD DATATYPE ="decimal" DEFAULTVALUE ="" DESCRIPTION ="" NAME ="in_COURSE_CODE" PICTURETEXT ="" PORTTYPE ="INPUT/OUTPUT" PRECISION ="10" SCALE ="0"/>
            <TABLEATTRIBUTE NAME ="Lookup Sql Override" VALUE =""/>
            <TABLEATTRIBUTE NAME ="Lookup table name" VALUE ="CDW_SAPP_D_COURSE2"/>
            <TABLEATTRIBUTE NAME ="Lookup Source Filter" VALUE =""/>
            <TABLEATTRIBUTE NAME ="Lookup caching enabled" VALUE ="YES"/>
            <TABLEATTRIBUTE NAME ="Lookup policy on multiple match" VALUE ="Use Any Value"/>
            <TABLEATTRIBUTE NAME ="Lookup condition" VALUE ="COURSE_CODE = in_COURSE_CODE"/>
            <TABLEATTRIBUTE NAME ="Connection Information" VALUE ="Oracle_POC"/>
            <TABLEATTRIBUTE NAME ="Source Type" VALUE ="Database"/>
            <TABLEATTRIBUTE NAME ="Recache if Stale" VALUE ="NO"/>
            <TABLEATTRIBUTE NAME ="Tracing Level" VALUE ="Normal"/>
            <TABLEATTRIBUTE NAME ="Lookup cache directory name" VALUE ="$PMCacheDir"/>
            <TABLEATTRIBUTE NAME ="Lookup cache initialize" VALUE ="NO"/>
            <TABLEATTRIBUTE NAME ="Lookup cache persistent" VALUE ="NO"/>
            <TABLEATTRIBUTE NAME ="Lookup Data Cache Size" VALUE ="Auto"/>
            <TABLEATTRIBUTE NAME ="Lookup Index Cache Size" VALUE ="Auto"/>
            <TABLEATTRIBUTE NAME ="Dynamic Lookup Cache" VALUE ="NO"/>
            <TABLEATTRIBUTE NAME ="Synchronize Dynamic Cache" VALUE ="NO"/>
            <TABLEATTRIBUTE NAME ="Output Old Value On Update" VALUE ="NO"/>
            <TABLEATTRIBUTE NAME ="Update Dynamic Cache Condition" VALUE ="TRUE"/>
            <TABLEATTRIBUTE NAME ="Cache File Name Prefix" VALUE =""/>
            <TABLEATTRIBUTE NAME ="Re-cache from lookup source" VALUE ="NO"/>
            <TABLEATTRIBUTE NAME ="Insert Else Update" VALUE ="NO"/>
            <TABLEATTRIBUTE NAME ="Update Else Insert" VALUE ="NO"/>
            <TABLEATTRIBUTE NAME ="Datetime Format" VALUE =""/>
            <TABLEATTRIBUTE NAME ="Thousand Separator" VALUE ="None"/>
            <TABLEATTRIBUTE NAME ="Decimal Separator" VALUE ="."/>
            <TABLEATTRIBUTE NAME ="Case Sensitive String Comparison" VALUE ="NO"/>
            <TABLEATTRIBUTE NAME ="Null ordering" VALUE ="Null Is Highest Value"/>
            <TABLEATTRIBUTE NAME ="Sorted Input" VALUE ="NO"/>
            <TABLEATTRIBUTE NAME ="Lookup source is static" VALUE ="NO"/>
            <TABLEATTRIBUTE NAME ="Pre-build lookup cache" VALUE ="Auto"/>
            <TABLEATTRIBUTE NAME ="Subsecond Precision" VALUE ="6"/>
        </TRANSFORMATION>
        <INSTANCE DESCRIPTION ="" NAME ="CDW_SAPP_D_COURSE" TRANSFORMATION_NAME ="CDW_SAPP_D_COURSE2" TRANSFORMATION_TYPE ="Target Definition" TYPE ="TARGET"/>
        <INSTANCE DESCRIPTION ="" NAME ="CDW_SAPP_D_COURSE1" TRANSFORMATION_NAME ="CDW_SAPP_D_COURSE2" TRANSFORMATION_TYPE ="Target Definition" TYPE ="TARGET"/>
        <INSTANCE DBDNAME ="FlatFile" DESCRIPTION ="" NAME ="CDW_UAS_COURSE" TRANSFORMATION_NAME ="CDW_UAS_COURSE2" TRANSFORMATION_TYPE ="Source Definition" TYPE ="SOURCE"/>
        <INSTANCE DESCRIPTION ="" NAME ="SQ_CDW_UAS_COURSE1" REUSABLE ="NO" TRANSFORMATION_NAME ="SQ_CDW_UAS_COURSE1" TRANSFORMATION_TYPE ="Source Qualifier" TYPE ="TRANSFORMATION">
            <ASSOCIATED_SOURCE_INSTANCE NAME ="CDW_UAS_COURSE"/>
        </INSTANCE>
        <INSTANCE DESCRIPTION ="" NAME ="rtr_SCD" REUSABLE ="NO" TRANSFORMATION_NAME ="rtr_SCD" TRANSFORMATION_TYPE ="Router" TYPE ="TRANSFORMATION"/>
        <INSTANCE DESCRIPTION ="" NAME ="upd_SCD" REUSABLE ="NO" TRANSFORMATION_NAME ="upd_SCD" TRANSFORMATION_TYPE ="Update Strategy" TYPE ="TRANSFORMATION"/>
        <INSTANCE DESCRIPTION ="" NAME ="exp_update_insert_check" REUSABLE ="NO" TRANSFORMATION_NAME ="exp_update_insert_check" TRANSFORMATION_TYPE ="Expression" TYPE ="TRANSFORMATION"/>
        <INSTANCE DESCRIPTION ="" NAME ="exp_UAS" REUSABLE ="NO" TRANSFORMATION_NAME ="exp_UAS" TRANSFORMATION_TYPE ="Expression" TYPE ="TRANSFORMATION"/>
        <INSTANCE DESCRIPTION ="" NAME ="lkp_dept_join" REUSABLE ="NO" TRANSFORMATION_NAME ="lkp_dept_join" TRANSFORMATION_TYPE ="Lookup Procedure" TYPE ="TRANSFORMATION"/>
        <INSTANCE DESCRIPTION ="" NAME ="lkp_scd" REUSABLE ="NO" TRANSFORMATION_NAME ="lkp_scd" TRANSFORMATION_TYPE ="Lookup Procedure" TYPE ="TRANSFORMATION"/>
        <CONNECTOR FROMFIELD ="COURSE_CODE1" FROMINSTANCE ="rtr_SCD" FROMINSTANCETYPE ="Router" TOFIELD ="COURSE_CODE" TOINSTANCE ="CDW_SAPP_D_COURSE" TOINSTANCETYPE ="Target Definition"/>
        <CONNECTOR FROMFIELD ="COURSE_NAME1" FROMINSTANCE ="rtr_SCD" FROMINSTANCETYPE ="Router" TOFIELD ="COURSE_NAME" TOINSTANCE ="CDW_SAPP_D_COURSE" TOINSTANCETYPE ="Target Definition"/>
        <CONNECTOR FROMFIELD ="DEPARTMENT_ID1" FROMINSTANCE ="rtr_SCD" FROMINSTANCETYPE ="Router" TOFIELD ="DEPARTMENT_ID" TOINSTANCE ="CDW_SAPP_D_COURSE" TOINSTANCETYPE ="Target Definition"/>
        <CONNECTOR FROMFIELD ="MARK_REQ1" FROMINSTANCE ="rtr_SCD" FROMINSTANCETYPE ="Router" TOFIELD ="MARK_REQ" TOINSTANCE ="CDW_SAPP_D_COURSE" TOINSTANCETYPE ="Target Definition"/>
        <CONNECTOR FROMFIELD ="COURSE_CODE3" FROMINSTANCE ="upd_SCD" FROMINSTANCETYPE ="Update Strategy" TOFIELD ="COURSE_CODE" TOINSTANCE ="CDW_SAPP_D_COURSE1" TOINSTANCETYPE ="Target Definition"/>
        <CONNECTOR FROMFIELD ="COURSE_NAME3" FROMINSTANCE ="upd_SCD" FROMINSTANCETYPE ="Update Strategy" TOFIELD ="COURSE_NAME" TOINSTANCE ="CDW_SAPP_D_COURSE1" TOINSTANCETYPE ="Target Definition"/>
        <CONNECTOR FROMFIELD ="DEPARTMENT_ID3" FROMINSTANCE ="upd_SCD" FROMINSTANCETYPE ="Update Strategy" TOFIELD ="DEPARTMENT_ID" TOINSTANCE ="CDW_SAPP_D_COURSE1" TOINSTANCETYPE ="Target Definition"/>
        <CONNECTOR FROMFIELD ="MARK_REQ3" FROMINSTANCE ="upd_SCD" FROMINSTANCETYPE ="Update Strategy" TOFIELD ="MARK_REQ" TOINSTANCE ="CDW_SAPP_D_COURSE1" TOINSTANCETYPE ="Target Definition"/>
        <CONNECTOR FROMFIELD ="COURSE_CODE" FROMINSTANCE ="CDW_UAS_COURSE" FROMINSTANCETYPE ="Source Definition" TOFIELD ="COURSE_CODE" TOINSTANCE ="SQ_CDW_UAS_COURSE1" TOINSTANCETYPE ="Source Qualifier"/>
        <CONNECTOR FROMFIELD ="COURSE_NAME" FROMINSTANCE ="CDW_UAS_COURSE" FROMINSTANCETYPE ="Source Definition" TOFIELD ="COURSE_NAME" TOINSTANCE ="SQ_CDW_UAS_COURSE1" TOINSTANCETYPE ="Source Qualifier"/>
        <CONNECTOR FROMFIELD ="DEPARTMENT_NO" FROMINSTANCE ="CDW_UAS_COURSE" FROMINSTANCETYPE ="Source Definition" TOFIELD ="DEPARTMENT_NO" TOINSTANCE ="SQ_CDW_UAS_COURSE1" TOINSTANCETYPE ="Source Qualifier"/>
        <CONNECTOR FROMFIELD ="MARK_REQ" FROMINSTANCE ="CDW_UAS_COURSE" FROMINSTANCETYPE ="Source Definition" TOFIELD ="MARK_REQ" TOINSTANCE ="SQ_CDW_UAS_COURSE1" TOINSTANCETYPE ="Source Qualifier"/>
        <CONNECTOR FROMFIELD ="COURSE_CODE" FROMINSTANCE ="SQ_CDW_UAS_COURSE1" FROMINSTANCETYPE ="Source Qualifier" TOFIELD ="COURSE_CODE" TOINSTANCE ="exp_UAS" TOINSTANCETYPE ="Expression"/>
        <CONNECTOR FROMFIELD ="COURSE_NAME" FROMINSTANCE ="SQ_CDW_UAS_COURSE1" FROMINSTANCETYPE ="Source Qualifier" TOFIELD ="COURSE_NAME" TOINSTANCE ="exp_UAS" TOINSTANCETYPE ="Expression"/>
        <CONNECTOR FROMFIELD ="DEPARTMENT_NO" FROMINSTANCE ="SQ_CDW_UAS_COURSE1" FROMINSTANCETYPE ="Source Qualifier" TOFIELD ="DEPT_NO" TOINSTANCE ="exp_UAS" TOINSTANCETYPE ="Expression"/>
        <CONNECTOR FROMFIELD ="MARK_REQ" FROMINSTANCE ="SQ_CDW_UAS_COURSE1" FROMINSTANCETYPE ="Source Qualifier" TOFIELD ="MARK_REQ" TOINSTANCE ="exp_UAS" TOINSTANCETYPE ="Expression"/>
        <CONNECTOR FROMFIELD ="COURSE_CODE" FROMINSTANCE ="exp_update_insert_check" FROMINSTANCETYPE ="Expression" TOFIELD ="COURSE_CODE" TOINSTANCE ="rtr_SCD" TOINSTANCETYPE ="Router"/>
        <CONNECTOR FROMFIELD ="COURSE_NAME" FROMINSTANCE ="exp_update_insert_check" FROMINSTANCETYPE ="Expression" TOFIELD ="COURSE_NAME" TOINSTANCE ="rtr_SCD" TOINSTANCETYPE ="Router"/>
        <CONNECTOR FROMFIELD ="DEPARTMENT_ID" FROMINSTANCE ="exp_update_insert_check" FROMINSTANCETYPE ="Expression" TOFIELD ="DEPARTMENT_ID" TOINSTANCE ="rtr_SCD" TOINSTANCETYPE ="Router"/>
        <CONNECTOR FROMFIELD ="MARK_REQ" FROMINSTANCE ="exp_update_insert_check" FROMINSTANCETYPE ="Expression" TOFIELD ="MARK_REQ" TOINSTANCE ="rtr_SCD" TOINSTANCETYPE ="Router"/>
        <CONNECTOR FROMFIELD ="o_NEW_RECORD" FROMINSTANCE ="exp_update_insert_check" FROMINSTANCETYPE ="Expression" TOFIELD ="o_NEW_RECORD" TOINSTANCE ="rtr_SCD" TOINSTANCETYPE ="Router"/>
        <CONNECTOR FROMFIELD ="o_UPDATE_RECORD" FROMINSTANCE ="exp_update_insert_check" FROMINSTANCETYPE ="Expression" TOFIELD ="o_UPDATE_RECORD" TOINSTANCE ="rtr_SCD" TOINSTANCETYPE ="Router"/>
        <CONNECTOR FROMFIELD ="COURSE_CODE3" FROMINSTANCE ="rtr_SCD" FROMINSTANCETYPE ="Router" TOFIELD ="COURSE_CODE3" TOINSTANCE ="upd_SCD" TOINSTANCETYPE ="Update Strategy"/>
        <CONNECTOR FROMFIELD ="COURSE_NAME3" FROMINSTANCE ="rtr_SCD" FROMINSTANCETYPE ="Router" TOFIELD ="COURSE_NAME3" TOINSTANCE ="upd_SCD" TOINSTANCETYPE ="Update Strategy"/>
        <CONNECTOR FROMFIELD ="DEPARTMENT_ID3" FROMINSTANCE ="rtr_SCD" FROMINSTANCETYPE ="Router" TOFIELD ="DEPARTMENT_ID3" TOINSTANCE ="upd_SCD" TOINSTANCETYPE ="Update Strategy"/>
        <CONNECTOR FROMFIELD ="MARK_REQ3" FROMINSTANCE ="rtr_SCD" FROMINSTANCETYPE ="Router" TOFIELD ="MARK_REQ3" TOINSTANCE ="upd_SCD" TOINSTANCETYPE ="Update Strategy"/>
        <CONNECTOR FROMFIELD ="o_COURSE_CODE" FROMINSTANCE ="exp_UAS" FROMINSTANCETYPE ="Expression" TOFIELD ="COURSE_CODE" TOINSTANCE ="exp_update_insert_check" TOINSTANCETYPE ="Expression"/>
        <CONNECTOR FROMFIELD ="o_COURSE_NAME" FROMINSTANCE ="exp_UAS" FROMINSTANCETYPE ="Expression" TOFIELD ="COURSE_NAME" TOINSTANCE ="exp_update_insert_check" TOINSTANCETYPE ="Expression"/>
        <CONNECTOR FROMFIELD ="MARK_REQ" FROMINSTANCE ="exp_UAS" FROMINSTANCETYPE ="Expression" TOFIELD ="MARK_REQ" TOINSTANCE ="exp_update_insert_check" TOINSTANCETYPE ="Expression"/>
        <CONNECTOR FROMFIELD ="DEPARTMENT_ID" FROMINSTANCE ="lkp_dept_join" FROMINSTANCETYPE ="Lookup Procedure" TOFIELD ="DEPARTMENT_ID" TOINSTANCE ="exp_update_insert_check" TOINSTANCETYPE ="Expression"/>
        <CONNECTOR FROMFIELD ="COURSE_CODE" FROMINSTANCE ="lkp_scd" FROMINSTANCETYPE ="Lookup Procedure" TOFIELD ="LKP_COURSE_CODE" TOINSTANCE ="exp_update_insert_check" TOINSTANCETYPE ="Expression"/>
        <CONNECTOR FROMFIELD ="COURSE_NAME" FROMINSTANCE ="lkp_scd" FROMINSTANCETYPE ="Lookup Procedure" TOFIELD ="LKP_COURSE_NAME" TOINSTANCE ="exp_update_insert_check" TOINSTANCETYPE ="Expression"/>
        <CONNECTOR FROMFIELD ="DEPARTMENT_ID" FROMINSTANCE ="lkp_scd" FROMINSTANCETYPE ="Lookup Procedure" TOFIELD ="LKP_DEPARTMENT_ID" TOINSTANCE ="exp_update_insert_check" TOINSTANCETYPE ="Expression"/>
        <CONNECTOR FROMFIELD ="MARK_REQ" FROMINSTANCE ="lkp_scd" FROMINSTANCETYPE ="Lookup Procedure" TOFIELD ="LKP_MARK_REQ" TOINSTANCE ="exp_update_insert_check" TOINSTANCETYPE ="Expression"/>
        <CONNECTOR FROMFIELD ="o_DEPT_NO" FROMINSTANCE ="exp_UAS" FROMINSTANCETYPE ="Expression" TOFIELD ="in_DEPT_NO" TOINSTANCE ="lkp_dept_join" TOINSTANCETYPE ="Lookup Procedure"/>
        <CONNECTOR FROMFIELD ="o_COURSE_CODE" FROMINSTANCE ="exp_UAS" FROMINSTANCETYPE ="Expression" TOFIELD ="in_COURSE_CODE" TOINSTANCE ="lkp_scd" TOINSTANCETYPE ="Lookup Procedure"/>
        <TARGETLOADORDER ORDER ="1" TARGETINSTANCE ="CDW_SAPP_D_COURSE"/>
        <TARGETLOADORDER ORDER ="1" TARGETINSTANCE ="CDW_SAPP_D_COURSE1"/>
        <ERPINFO/>
    </MAPPING>
</FOLDER>
</REPOSITORY>
</POWERMART>