<?xml version="1.0" encoding="Windows-1252"?>
<!DOCTYPE POWERMART SYSTEM "powrmart.dtd">
<POWERMART CREATION_DATE="05/26/2022 04:37:31" REPOSITORY_VERSION="186.95">
<REPOSITORY NAME="Repo_Academy" VERSION="186" CODEPAGE="MS1252" DATABASETYPE="Oracle">
<FOLDER NAME="UNIVERSITY_ANALYTICS_SYSTEM" GROUP="" OWNER="infouser" SHARED="NOTSHARED" DESCRIPTION="" PERMISSIONS="rwx---r--" UUID="8397f6c7-3c04-4968-ad42-7161be7b07eb">
    <SOURCE BUSINESSNAME ="" DATABASETYPE ="Oracle" DBDNAME ="ODBC_POC" DESCRIPTION ="" NAME ="CDW_UAS_F_RESULT" OBJECTVERSION ="1" OWNERNAME ="INFOADMIN" VERSIONNUMBER ="1">
        <SOURCEFIELD BUSINESSNAME ="" DATATYPE ="number(p,s)" DESCRIPTION ="" FIELDNUMBER ="1" FIELDPROPERTY ="0" FIELDTYPE ="ELEMITEM" HIDDEN ="NO" KEYTYPE ="NOT A KEY" LENGTH ="40" LEVEL ="0" NAME ="CDW_XYZ_F_RESULT_DSET_KEY" NULLABLE ="NULL" OCCURS ="0" OFFSET ="0" PHYSICALLENGTH ="38" PHYSICALOFFSET ="0" PICTURETEXT ="" PRECISION ="38" SCALE ="0" USAGE_FLAGS =""/>
        <SOURCEFIELD BUSINESSNAME ="" DATATYPE ="date" DESCRIPTION ="" FIELDNUMBER ="2" FIELDPROPERTY ="0" FIELDTYPE ="ELEMITEM" HIDDEN ="NO" KEYTYPE ="NOT A KEY" LENGTH ="19" LEVEL ="0" NAME ="RESULT_F_PERIOD_KEY" NULLABLE ="NULL" OCCURS ="0" OFFSET ="40" PHYSICALLENGTH ="19" PHYSICALOFFSET ="38" PICTURETEXT ="" PRECISION ="19" SCALE ="0" USAGE_FLAGS =""/>
        <SOURCEFIELD BUSINESSNAME ="" DATATYPE ="number(p,s)" DESCRIPTION ="" FIELDNUMBER ="3" FIELDPROPERTY ="0" FIELDTYPE ="ELEMITEM" HIDDEN ="NO" KEYTYPE ="NOT A KEY" LENGTH ="40" LEVEL ="0" NAME ="RESULT_F_STUDENT_KEY" NULLABLE ="NULL" OCCURS ="0" OFFSET ="59" PHYSICALLENGTH ="38" PHYSICALOFFSET ="57" PICTURETEXT ="" PRECISION ="38" SCALE ="0" USAGE_FLAGS =""/>
        <SOURCEFIELD BUSINESSNAME ="" DATATYPE ="number(p,s)" DESCRIPTION ="" FIELDNUMBER ="4" FIELDPROPERTY ="0" FIELDTYPE ="ELEMITEM" HIDDEN ="NO" KEYTYPE ="NOT A KEY" LENGTH ="40" LEVEL ="0" NAME ="RESULT_F_DEPARTMENT_KEY" NULLABLE ="NULL" OCCURS ="0" OFFSET ="99" PHYSICALLENGTH ="38" PHYSICALOFFSET ="95" PICTURETEXT ="" PRECISION ="38" SCALE ="0" USAGE_FLAGS =""/>
        <SOURCEFIELD BUSINESSNAME ="" DATATYPE ="number(p,s)" DESCRIPTION ="" FIELDNUMBER ="5" FIELDPROPERTY ="0" FIELDTYPE ="ELEMITEM" HIDDEN ="NO" KEYTYPE ="NOT A KEY" LENGTH ="40" LEVEL ="0" NAME ="RESULT_F_COLLEGE_CODE" NULLABLE ="NULL" OCCURS ="0" OFFSET ="139" PHYSICALLENGTH ="38" PHYSICALOFFSET ="133" PICTURETEXT ="" PRECISION ="38" SCALE ="0" USAGE_FLAGS =""/>
        <SOURCEFIELD BUSINESSNAME ="" DATATYPE ="nvarchar2" DESCRIPTION ="" FIELDNUMBER ="6" FIELDPROPERTY ="0" FIELDTYPE ="ELEMITEM" HIDDEN ="NO" KEYTYPE ="NOT A KEY" LENGTH ="0" LEVEL ="0" NAME ="RESULT_F_COLLEGE_NAME" NULLABLE ="NULL" OCCURS ="0" OFFSET ="179" PHYSICALLENGTH ="25" PHYSICALOFFSET ="171" PICTURETEXT ="" PRECISION ="25" SCALE ="0" USAGE_FLAGS =""/>
        <SOURCEFIELD BUSINESSNAME ="" DATATYPE ="number(p,s)" DESCRIPTION ="" FIELDNUMBER ="7" FIELDPROPERTY ="0" FIELDTYPE ="ELEMITEM" HIDDEN ="NO" KEYTYPE ="NOT A KEY" LENGTH ="40" LEVEL ="0" NAME ="RESULT_F_COURSE_CODE" NULLABLE ="NULL" OCCURS ="0" OFFSET ="179" PHYSICALLENGTH ="38" PHYSICALOFFSET ="196" PICTURETEXT ="" PRECISION ="38" SCALE ="0" USAGE_FLAGS =""/>
        <SOURCEFIELD BUSINESSNAME ="" DATATYPE ="nvarchar2" DESCRIPTION ="" FIELDNUMBER ="8" FIELDPROPERTY ="0" FIELDTYPE ="ELEMITEM" HIDDEN ="NO" KEYTYPE ="NOT A KEY" LENGTH ="0" LEVEL ="0" NAME ="RESULT_F_COURSE_NAME" NULLABLE ="NULL" OCCURS ="0" OFFSET ="219" PHYSICALLENGTH ="30" PHYSICALOFFSET ="234" PICTURETEXT ="" PRECISION ="30" SCALE ="0" USAGE_FLAGS =""/>
        <SOURCEFIELD BUSINESSNAME ="" DATATYPE ="number(p,s)" DESCRIPTION ="" FIELDNUMBER ="9" FIELDPROPERTY ="0" FIELDTYPE ="ELEMITEM" HIDDEN ="NO" KEYTYPE ="NOT A KEY" LENGTH ="40" LEVEL ="0" NAME ="RESULT_F_FACULTY_NO" NULLABLE ="NULL" OCCURS ="0" OFFSET ="219" PHYSICALLENGTH ="38" PHYSICALOFFSET ="264" PICTURETEXT ="" PRECISION ="38" SCALE ="0" USAGE_FLAGS =""/>
        <SOURCEFIELD BUSINESSNAME ="" DATATYPE ="number(p,s)" DESCRIPTION ="" FIELDNUMBER ="10" FIELDPROPERTY ="0" FIELDTYPE ="ELEMITEM" HIDDEN ="NO" KEYTYPE ="NOT A KEY" LENGTH ="40" LEVEL ="0" NAME ="RESULT_MARKS" NULLABLE ="NULL" OCCURS ="0" OFFSET ="259" PHYSICALLENGTH ="38" PHYSICALOFFSET ="302" PICTURETEXT ="" PRECISION ="38" SCALE ="0" USAGE_FLAGS =""/>
        <SOURCEFIELD BUSINESSNAME ="" DATATYPE ="nvarchar2" DESCRIPTION ="" FIELDNUMBER ="11" FIELDPROPERTY ="0" FIELDTYPE ="ELEMITEM" HIDDEN ="NO" KEYTYPE ="NOT A KEY" LENGTH ="0" LEVEL ="0" NAME ="RESULT_GRADE" NULLABLE ="NULL" OCCURS ="0" OFFSET ="299" PHYSICALLENGTH ="10" PHYSICALOFFSET ="340" PICTURETEXT ="" PRECISION ="10" SCALE ="0" USAGE_FLAGS =""/>
        <SOURCEFIELD BUSINESSNAME ="" DATATYPE ="timestamp" DESCRIPTION ="" FIELDNUMBER ="12" FIELDPROPERTY ="0" FIELDTYPE ="ELEMITEM" HIDDEN ="NO" KEYTYPE ="NOT A KEY" LENGTH ="19" LEVEL ="0" NAME ="CREATED_DATE" NULLABLE ="NULL" OCCURS ="0" OFFSET ="299" PHYSICALLENGTH ="19" PHYSICALOFFSET ="350" PICTURETEXT ="" PRECISION ="19" SCALE ="0" USAGE_FLAGS =""/>
        <SOURCEFIELD BUSINESSNAME ="" DATATYPE ="nvarchar2" DESCRIPTION ="" FIELDNUMBER ="13" FIELDPROPERTY ="0" FIELDTYPE ="ELEMITEM" HIDDEN ="NO" KEYTYPE ="NOT A KEY" LENGTH ="0" LEVEL ="0" NAME ="CREATED_BY" NULLABLE ="NULL" OCCURS ="0" OFFSET ="318" PHYSICALLENGTH ="40" PHYSICALOFFSET ="369" PICTURETEXT ="" PRECISION ="40" SCALE ="0" USAGE_FLAGS =""/>
    </SOURCE>
    <TARGET BUSINESSNAME ="" CONSTRAINT ="" DATABASETYPE ="Oracle" DESCRIPTION ="" NAME ="CDW_UAS_F_AGG_DATA" OBJECTVERSION ="1" TABLEOPTIONS ="" VERSIONNUMBER ="1">
        <TARGETFIELD BUSINESSNAME ="" DATATYPE ="number(p,s)" DESCRIPTION ="" FIELDNUMBER ="1" KEYTYPE ="NOT A KEY" NAME ="CDW_RESULT_AGG_DSET_KEY" NULLABLE ="NULL" PICTURETEXT ="" PRECISION ="38" SCALE ="0"/>
        <TARGETFIELD BUSINESSNAME ="" DATATYPE ="number(p,s)" DESCRIPTION ="" FIELDNUMBER ="2" KEYTYPE ="NOT A KEY" NAME ="COLLEGE_CODE" NULLABLE ="NULL" PICTURETEXT ="" PRECISION ="38" SCALE ="0"/>
        <TARGETFIELD BUSINESSNAME ="" DATATYPE ="nvarchar2" DESCRIPTION ="" FIELDNUMBER ="3" KEYTYPE ="NOT A KEY" NAME ="COLLEGE_NAME" NULLABLE ="NULL" PICTURETEXT ="" PRECISION ="25" SCALE ="0"/>
        <TARGETFIELD BUSINESSNAME ="" DATATYPE ="number(p,s)" DESCRIPTION ="" FIELDNUMBER ="4" KEYTYPE ="NOT A KEY" NAME ="COURSE_CODE" NULLABLE ="NULL" PICTURETEXT ="" PRECISION ="38" SCALE ="0"/>
        <TARGETFIELD BUSINESSNAME ="" DATATYPE ="nvarchar2" DESCRIPTION ="" FIELDNUMBER ="5" KEYTYPE ="NOT A KEY" NAME ="COURSE_NAME" NULLABLE ="NULL" PICTURETEXT ="" PRECISION ="30" SCALE ="0"/>
        <TARGETFIELD BUSINESSNAME ="" DATATYPE ="number(p,s)" DESCRIPTION ="" FIELDNUMBER ="6" KEYTYPE ="NOT A KEY" NAME ="TOTAL_PASS" NULLABLE ="NULL" PICTURETEXT ="" PRECISION ="38" SCALE ="0"/>
        <TARGETFIELD BUSINESSNAME ="" DATATYPE ="number(p,s)" DESCRIPTION ="" FIELDNUMBER ="7" KEYTYPE ="NOT A KEY" NAME ="MAXIMUM_MARK" NULLABLE ="NULL" PICTURETEXT ="" PRECISION ="38" SCALE ="0"/>
        <TARGETFIELD BUSINESSNAME ="" DATATYPE ="date" DESCRIPTION ="" FIELDNUMBER ="8" KEYTYPE ="NOT A KEY" NAME ="CREATED_DATE" NULLABLE ="NULL" PICTURETEXT ="" PRECISION ="19" SCALE ="0"/>
    </TARGET>
    <MAPPING DESCRIPTION ="" ISVALID ="YES" NAME ="m_CDW_UAS_F_AGG_DATA" OBJECTVERSION ="1" VERSIONNUMBER ="1">
        <TRANSFORMATION DESCRIPTION ="" NAME ="SQ_CDW_UAS_F_RESULT" OBJECTVERSION ="1" REUSABLE ="NO" TYPE ="Source Qualifier" VERSIONNUMBER ="1">
            <TRANSFORMFIELD DATATYPE ="decimal" DEFAULTVALUE ="" DESCRIPTION ="" NAME ="CDW_XYZ_F_RESULT_DSET_KEY" PICTURETEXT ="" PORTTYPE ="INPUT/OUTPUT" PRECISION ="38" SCALE ="0"/>
            <TRANSFORMFIELD DATATYPE ="date/time" DEFAULTVALUE ="" DESCRIPTION ="" NAME ="RESULT_F_PERIOD_KEY" PICTURETEXT ="" PORTTYPE ="INPUT/OUTPUT" PRECISION ="29" SCALE ="9"/>
            <TRANSFORMFIELD DATATYPE ="decimal" DEFAULTVALUE ="" DESCRIPTION ="" NAME ="RESULT_F_STUDENT_KEY" PICTURETEXT ="" PORTTYPE ="INPUT/OUTPUT" PRECISION ="38" SCALE ="0"/>
            <TRANSFORMFIELD DATATYPE ="decimal" DEFAULTVALUE ="" DESCRIPTION ="" NAME ="RESULT_F_DEPARTMENT_KEY" PICTURETEXT ="" PORTTYPE ="INPUT/OUTPUT" PRECISION ="38" SCALE ="0"/>
            <TRANSFORMFIELD DATATYPE ="decimal" DEFAULTVALUE ="" DESCRIPTION ="" NAME ="RESULT_F_COLLEGE_CODE" PICTURETEXT ="" PORTTYPE ="INPUT/OUTPUT" PRECISION ="38" SCALE ="0"/>
            <TRANSFORMFIELD DATATYPE ="nstring" DEFAULTVALUE ="" DESCRIPTION ="" NAME ="RESULT_F_COLLEGE_NAME" PICTURETEXT ="" PORTTYPE ="INPUT/OUTPUT" PRECISION ="25" SCALE ="0"/>
            <TRANSFORMFIELD DATATYPE ="decimal" DEFAULTVALUE ="" DESCRIPTION ="" NAME ="RESULT_F_COURSE_CODE" PICTURETEXT ="" PORTTYPE ="INPUT/OUTPUT" PRECISION ="38" SCALE ="0"/>
            <TRANSFORMFIELD DATATYPE ="nstring" DEFAULTVALUE ="" DESCRIPTION ="" NAME ="RESULT_F_COURSE_NAME" PICTURETEXT ="" PORTTYPE ="INPUT/OUTPUT" PRECISION ="30" SCALE ="0"/>
            <TRANSFORMFIELD DATATYPE ="decimal" DEFAULTVALUE ="" DESCRIPTION ="" NAME ="RESULT_F_FACULTY_NO" PICTURETEXT ="" PORTTYPE ="INPUT/OUTPUT" PRECISION ="38" SCALE ="0"/>
            <TRANSFORMFIELD DATATYPE ="decimal" DEFAULTVALUE ="" DESCRIPTION ="" NAME ="RESULT_MARKS" PICTURETEXT ="" PORTTYPE ="INPUT/OUTPUT" PRECISION ="38" SCALE ="0"/>
            <TRANSFORMFIELD DATATYPE ="nstring" DEFAULTVALUE ="" DESCRIPTION ="" NAME ="RESULT_GRADE" PICTURETEXT ="" PORTTYPE ="INPUT/OUTPUT" PRECISION ="10" SCALE ="0"/>
            <TRANSFORMFIELD DATATYPE ="date/time" DEFAULTVALUE ="" DESCRIPTION ="" NAME ="CREATED_DATE" PICTURETEXT ="" PORTTYPE ="INPUT/OUTPUT" PRECISION ="29" SCALE ="9"/>
            <TRANSFORMFIELD DATATYPE ="nstring" DEFAULTVALUE ="" DESCRIPTION ="" NAME ="CREATED_BY" PICTURETEXT ="" PORTTYPE ="INPUT/OUTPUT" PRECISION ="40" SCALE ="0"/>
            <TABLEATTRIBUTE NAME ="Sql Query" VALUE ="SELECT CDW_UAS_F_RESULT.RESULT_F_COLLEGE_CODE, CDW_UAS_F_RESULT.RESULT_F_COLLEGE_NAME, CDW_UAS_F_RESULT.RESULT_F_COURSE_CODE, CDW_UAS_F_RESULT.RESULT_F_COURSE_NAME, CDW_UAS_F_RESULT.RESULT_F_FACULTY_NO, CDW_UAS_F_RESULT.RESULT_MARKS, CDW_UAS_F_RESULT.RESULT_GRADE &#xD;&#xA;FROM&#xD;&#xA; CDW_UAS_F_RESULT&#xD;&#xA;WHERE EXTRACT(MONTH FROM CDW_UAS_F_RESULT.RESULT_F_PERIOD_KEY)=5"/>
            <TABLEATTRIBUTE NAME ="User Defined Join" VALUE =""/>
            <TABLEATTRIBUTE NAME ="Source Filter" VALUE =""/>
            <TABLEATTRIBUTE NAME ="Number Of Sorted Ports" VALUE ="0"/>
            <TABLEATTRIBUTE NAME ="Tracing Level" VALUE ="Normal"/>
            <TABLEATTRIBUTE NAME ="Select Distinct" VALUE ="NO"/>
            <TABLEATTRIBUTE NAME ="Is Partitionable" VALUE ="NO"/>
            <TABLEATTRIBUTE NAME ="Pre SQL" VALUE =""/>
            <TABLEATTRIBUTE NAME ="Post SQL" VALUE =""/>
            <TABLEATTRIBUTE NAME ="Output is deterministic" VALUE ="NO"/>
            <TABLEATTRIBUTE NAME ="Output is repeatable" VALUE ="Never"/>
        </TRANSFORMATION>
        <TRANSFORMATION DESCRIPTION ="" NAME ="AGGTRANS" OBJECTVERSION ="1" REUSABLE ="NO" TYPE ="Aggregator" VERSIONNUMBER ="1">
            <TRANSFORMFIELD DATATYPE ="decimal" DEFAULTVALUE ="" DESCRIPTION ="" EXPRESSION ="RESULT_F_COLLEGE_CODE" EXPRESSIONTYPE ="GROUPBY" NAME ="RESULT_F_COLLEGE_CODE" PICTURETEXT ="" PORTTYPE ="INPUT/OUTPUT" PRECISION ="38" SCALE ="0"/>
            <TRANSFORMFIELD DATATYPE ="nstring" DEFAULTVALUE ="" DESCRIPTION ="" EXPRESSION ="RESULT_F_COLLEGE_NAME" EXPRESSIONTYPE ="GENERAL" NAME ="RESULT_F_COLLEGE_NAME" PICTURETEXT ="" PORTTYPE ="INPUT/OUTPUT" PRECISION ="25" SCALE ="0"/>
            <TRANSFORMFIELD DATATYPE ="decimal" DEFAULTVALUE ="" DESCRIPTION ="" EXPRESSION ="RESULT_F_COURSE_CODE" EXPRESSIONTYPE ="GROUPBY" NAME ="RESULT_F_COURSE_CODE" PICTURETEXT ="" PORTTYPE ="INPUT/OUTPUT" PRECISION ="38" SCALE ="0"/>
            <TRANSFORMFIELD DATATYPE ="nstring" DEFAULTVALUE ="" DESCRIPTION ="" EXPRESSION ="RESULT_F_COURSE_NAME" EXPRESSIONTYPE ="GENERAL" NAME ="RESULT_F_COURSE_NAME" PICTURETEXT ="" PORTTYPE ="INPUT/OUTPUT" PRECISION ="30" SCALE ="0"/>
            <TRANSFORMFIELD DATATYPE ="decimal" DEFAULTVALUE ="" DESCRIPTION ="" EXPRESSION ="RESULT_F_FACULTY_NO" EXPRESSIONTYPE ="GENERAL" NAME ="RESULT_F_FACULTY_NO" PICTURETEXT ="" PORTTYPE ="INPUT/OUTPUT" PRECISION ="38" SCALE ="0"/>
            <TRANSFORMFIELD DATATYPE ="decimal" DEFAULTVALUE ="" DESCRIPTION ="" EXPRESSION ="RESULT_MARKS" EXPRESSIONTYPE ="GENERAL" NAME ="RESULT_MARKS" PICTURETEXT ="" PORTTYPE ="INPUT/OUTPUT" PRECISION ="38" SCALE ="0"/>
            <TRANSFORMFIELD DATATYPE ="string" DEFAULTVALUE ="ERROR(&apos;transformation error&apos;)" DESCRIPTION ="" EXPRESSION ="MAX(RESULT_MARKS)" EXPRESSIONTYPE ="GENERAL" NAME ="M_RESULT_MARKS" PICTURETEXT ="" PORTTYPE ="OUTPUT" PRECISION ="10" SCALE ="0"/>
            <TRANSFORMFIELD DATATYPE ="nstring" DEFAULTVALUE ="" DESCRIPTION ="" EXPRESSION ="RESULT_GRADE" EXPRESSIONTYPE ="GENERAL" NAME ="RESULT_GRADE" PICTURETEXT ="" PORTTYPE ="INPUT/OUTPUT" PRECISION ="10" SCALE ="0"/>
            <TRANSFORMFIELD DATATYPE ="string" DEFAULTVALUE ="ERROR(&apos;transformation error&apos;)" DESCRIPTION ="" EXPRESSION ="COUNT(RESULT_GRADE)" EXPRESSIONTYPE ="GENERAL" NAME ="TOTAL_PASS" PICTURETEXT ="" PORTTYPE ="OUTPUT" PRECISION ="10" SCALE ="0"/>
            <TABLEATTRIBUTE NAME ="Cache Directory" VALUE ="$PMCacheDir"/>
            <TABLEATTRIBUTE NAME ="Tracing Level" VALUE ="Normal"/>
            <TABLEATTRIBUTE NAME ="Sorted Input" VALUE ="NO"/>
            <TABLEATTRIBUTE NAME ="Aggregator Data Cache Size" VALUE ="Auto"/>
            <TABLEATTRIBUTE NAME ="Aggregator Index Cache Size" VALUE ="Auto"/>
            <TABLEATTRIBUTE NAME ="Transformation Scope" VALUE ="All Input"/>
        </TRANSFORMATION>
        <TRANSFORMATION DESCRIPTION ="" NAME ="EXPTRANS" OBJECTVERSION ="1" REUSABLE ="NO" TYPE ="Expression" VERSIONNUMBER ="1">
            <TRANSFORMFIELD DATATYPE ="string" DEFAULTVALUE ="" DESCRIPTION ="" EXPRESSION ="CDW_RESULT_AGG_DATA" EXPRESSIONTYPE ="GENERAL" NAME ="CDW_RESULT_AGG_DATA" PICTURETEXT ="" PORTTYPE ="INPUT/OUTPUT" PRECISION ="10" SCALE ="0"/>
            <TRANSFORMFIELD DATATYPE ="decimal" DEFAULTVALUE ="" DESCRIPTION ="" EXPRESSION ="RESULT_F_COLLEGE_CODE" EXPRESSIONTYPE ="GENERAL" NAME ="RESULT_F_COLLEGE_CODE" PICTURETEXT ="" PORTTYPE ="INPUT/OUTPUT" PRECISION ="38" SCALE ="0"/>
            <TRANSFORMFIELD DATATYPE ="nstring" DEFAULTVALUE ="" DESCRIPTION ="" EXPRESSION ="RESULT_F_COLLEGE_NAME" EXPRESSIONTYPE ="GENERAL" NAME ="RESULT_F_COLLEGE_NAME" PICTURETEXT ="" PORTTYPE ="INPUT/OUTPUT" PRECISION ="25" SCALE ="0"/>
            <TRANSFORMFIELD DATATYPE ="decimal" DEFAULTVALUE ="" DESCRIPTION ="" EXPRESSION ="RESULT_F_COURSE_CODE" EXPRESSIONTYPE ="GENERAL" NAME ="RESULT_F_COURSE_CODE" PICTURETEXT ="" PORTTYPE ="INPUT/OUTPUT" PRECISION ="38" SCALE ="0"/>
            <TRANSFORMFIELD DATATYPE ="nstring" DEFAULTVALUE ="" DESCRIPTION ="" EXPRESSION ="RESULT_F_COURSE_NAME" EXPRESSIONTYPE ="GENERAL" NAME ="RESULT_F_COURSE_NAME" PICTURETEXT ="" PORTTYPE ="INPUT/OUTPUT" PRECISION ="30" SCALE ="0"/>
            <TRANSFORMFIELD DATATYPE ="decimal" DEFAULTVALUE ="" DESCRIPTION ="" EXPRESSION ="M_RESULT_MARKS" EXPRESSIONTYPE ="GENERAL" NAME ="M_RESULT_MARKS" PICTURETEXT ="" PORTTYPE ="INPUT/OUTPUT" PRECISION ="10" SCALE ="0"/>
            <TRANSFORMFIELD DATATYPE ="decimal" DEFAULTVALUE ="" DESCRIPTION ="" EXPRESSION ="TOTAL_PASS" EXPRESSIONTYPE ="GENERAL" NAME ="TOTAL_PASS" PICTURETEXT ="" PORTTYPE ="INPUT/OUTPUT" PRECISION ="10" SCALE ="0"/>
            <TRANSFORMFIELD DATATYPE ="date/time" DEFAULTVALUE ="ERROR(&apos;transformation error&apos;)" DESCRIPTION ="" EXPRESSION ="SYSDATE" EXPRESSIONTYPE ="GENERAL" NAME ="CREATE_DATE" PICTURETEXT ="" PORTTYPE ="OUTPUT" PRECISION ="29" SCALE ="9"/>
            <TABLEATTRIBUTE NAME ="Tracing Level" VALUE ="Normal"/>
        </TRANSFORMATION>
        <TRANSFORMATION DESCRIPTION ="" NAME ="SEQTRANS" OBJECTVERSION ="1" REUSABLE ="NO" TYPE ="Sequence" VERSIONNUMBER ="1">
            <TRANSFORMFIELD DATATYPE ="bigint" DEFAULTVALUE ="ERROR(&apos;transformation error&apos;)" DESCRIPTION ="" NAME ="NEXTVAL" PICTURETEXT ="" PORTTYPE ="OUTPUT" PRECISION ="19" SCALE ="0"/>
            <TRANSFORMFIELD DATATYPE ="bigint" DEFAULTVALUE ="ERROR(&apos;transformation error&apos;)" DESCRIPTION ="" NAME ="CURRVAL" PICTURETEXT ="" PORTTYPE ="OUTPUT" PRECISION ="19" SCALE ="0"/>
            <TABLEATTRIBUTE NAME ="Start Value" VALUE ="1"/>
            <TABLEATTRIBUTE NAME ="Increment By" VALUE ="1"/>
            <TABLEATTRIBUTE NAME ="End Value" VALUE ="9223372036854775807"/>
            <TABLEATTRIBUTE NAME ="Current Value" VALUE ="1"/>
            <TABLEATTRIBUTE NAME ="Cycle" VALUE ="NO"/>
            <TABLEATTRIBUTE NAME ="Number of Cached Values" VALUE ="0"/>
            <TABLEATTRIBUTE NAME ="Reset" VALUE ="YES"/>
            <TABLEATTRIBUTE NAME ="Is Current Value Shared" VALUE ="NO"/>
            <TABLEATTRIBUTE NAME ="Tracing Level" VALUE ="Normal"/>
        </TRANSFORMATION>
        <INSTANCE DESCRIPTION ="" NAME ="CDW_UAS_F_AGG_DATA" TRANSFORMATION_NAME ="CDW_UAS_F_AGG_DATA" TRANSFORMATION_TYPE ="Target Definition" TYPE ="TARGET"/>
        <INSTANCE DBDNAME ="ODBC_POC" DESCRIPTION ="" NAME ="CDW_UAS_F_RESULT" TRANSFORMATION_NAME ="CDW_UAS_F_RESULT" TRANSFORMATION_TYPE ="Source Definition" TYPE ="SOURCE"/>
        <INSTANCE DESCRIPTION ="" NAME ="SQ_CDW_UAS_F_RESULT" REUSABLE ="NO" TRANSFORMATION_NAME ="SQ_CDW_UAS_F_RESULT" TRANSFORMATION_TYPE ="Source Qualifier" TYPE ="TRANSFORMATION">
            <ASSOCIATED_SOURCE_INSTANCE NAME ="CDW_UAS_F_RESULT"/>
        </INSTANCE>
        <INSTANCE DESCRIPTION ="" NAME ="AGGTRANS" REUSABLE ="NO" TRANSFORMATION_NAME ="AGGTRANS" TRANSFORMATION_TYPE ="Aggregator" TYPE ="TRANSFORMATION"/>
        <INSTANCE DESCRIPTION ="" NAME ="EXPTRANS" REUSABLE ="NO" TRANSFORMATION_NAME ="EXPTRANS" TRANSFORMATION_TYPE ="Expression" TYPE ="TRANSFORMATION"/>
        <INSTANCE DESCRIPTION ="" NAME ="SEQTRANS" REUSABLE ="NO" TRANSFORMATION_NAME ="SEQTRANS" TRANSFORMATION_TYPE ="Sequence" TYPE ="TRANSFORMATION"/>
        <CONNECTOR FROMFIELD ="CDW_RESULT_AGG_DATA" FROMINSTANCE ="EXPTRANS" FROMINSTANCETYPE ="Expression" TOFIELD ="CDW_RESULT_AGG_DSET_KEY" TOINSTANCE ="CDW_UAS_F_AGG_DATA" TOINSTANCETYPE ="Target Definition"/>
        <CONNECTOR FROMFIELD ="RESULT_F_COLLEGE_CODE" FROMINSTANCE ="EXPTRANS" FROMINSTANCETYPE ="Expression" TOFIELD ="COLLEGE_CODE" TOINSTANCE ="CDW_UAS_F_AGG_DATA" TOINSTANCETYPE ="Target Definition"/>
        <CONNECTOR FROMFIELD ="RESULT_F_COLLEGE_NAME" FROMINSTANCE ="EXPTRANS" FROMINSTANCETYPE ="Expression" TOFIELD ="COLLEGE_NAME" TOINSTANCE ="CDW_UAS_F_AGG_DATA" TOINSTANCETYPE ="Target Definition"/>
        <CONNECTOR FROMFIELD ="RESULT_F_COURSE_CODE" FROMINSTANCE ="EXPTRANS" FROMINSTANCETYPE ="Expression" TOFIELD ="COURSE_CODE" TOINSTANCE ="CDW_UAS_F_AGG_DATA" TOINSTANCETYPE ="Target Definition"/>
        <CONNECTOR FROMFIELD ="RESULT_F_COURSE_NAME" FROMINSTANCE ="EXPTRANS" FROMINSTANCETYPE ="Expression" TOFIELD ="COURSE_NAME" TOINSTANCE ="CDW_UAS_F_AGG_DATA" TOINSTANCETYPE ="Target Definition"/>
        <CONNECTOR FROMFIELD ="M_RESULT_MARKS" FROMINSTANCE ="EXPTRANS" FROMINSTANCETYPE ="Expression" TOFIELD ="MAXIMUM_MARK" TOINSTANCE ="CDW_UAS_F_AGG_DATA" TOINSTANCETYPE ="Target Definition"/>
        <CONNECTOR FROMFIELD ="TOTAL_PASS" FROMINSTANCE ="EXPTRANS" FROMINSTANCETYPE ="Expression" TOFIELD ="TOTAL_PASS" TOINSTANCE ="CDW_UAS_F_AGG_DATA" TOINSTANCETYPE ="Target Definition"/>
        <CONNECTOR FROMFIELD ="CREATE_DATE" FROMINSTANCE ="EXPTRANS" FROMINSTANCETYPE ="Expression" TOFIELD ="CREATED_DATE" TOINSTANCE ="CDW_UAS_F_AGG_DATA" TOINSTANCETYPE ="Target Definition"/>
        <CONNECTOR FROMFIELD ="CDW_XYZ_F_RESULT_DSET_KEY" FROMINSTANCE ="CDW_UAS_F_RESULT" FROMINSTANCETYPE ="Source Definition" TOFIELD ="CDW_XYZ_F_RESULT_DSET_KEY" TOINSTANCE ="SQ_CDW_UAS_F_RESULT" TOINSTANCETYPE ="Source Qualifier"/>
        <CONNECTOR FROMFIELD ="RESULT_F_PERIOD_KEY" FROMINSTANCE ="CDW_UAS_F_RESULT" FROMINSTANCETYPE ="Source Definition" TOFIELD ="RESULT_F_PERIOD_KEY" TOINSTANCE ="SQ_CDW_UAS_F_RESULT" TOINSTANCETYPE ="Source Qualifier"/>
        <CONNECTOR FROMFIELD ="RESULT_F_STUDENT_KEY" FROMINSTANCE ="CDW_UAS_F_RESULT" FROMINSTANCETYPE ="Source Definition" TOFIELD ="RESULT_F_STUDENT_KEY" TOINSTANCE ="SQ_CDW_UAS_F_RESULT" TOINSTANCETYPE ="Source Qualifier"/>
        <CONNECTOR FROMFIELD ="RESULT_F_DEPARTMENT_KEY" FROMINSTANCE ="CDW_UAS_F_RESULT" FROMINSTANCETYPE ="Source Definition" TOFIELD ="RESULT_F_DEPARTMENT_KEY" TOINSTANCE ="SQ_CDW_UAS_F_RESULT" TOINSTANCETYPE ="Source Qualifier"/>
        <CONNECTOR FROMFIELD ="RESULT_F_COLLEGE_CODE" FROMINSTANCE ="CDW_UAS_F_RESULT" FROMINSTANCETYPE ="Source Definition" TOFIELD ="RESULT_F_COLLEGE_CODE" TOINSTANCE ="SQ_CDW_UAS_F_RESULT" TOINSTANCETYPE ="Source Qualifier"/>
        <CONNECTOR FROMFIELD ="RESULT_F_COLLEGE_NAME" FROMINSTANCE ="CDW_UAS_F_RESULT" FROMINSTANCETYPE ="Source Definition" TOFIELD ="RESULT_F_COLLEGE_NAME" TOINSTANCE ="SQ_CDW_UAS_F_RESULT" TOINSTANCETYPE ="Source Qualifier"/>
        <CONNECTOR FROMFIELD ="RESULT_F_COURSE_CODE" FROMINSTANCE ="CDW_UAS_F_RESULT" FROMINSTANCETYPE ="Source Definition" TOFIELD ="RESULT_F_COURSE_CODE" TOINSTANCE ="SQ_CDW_UAS_F_RESULT" TOINSTANCETYPE ="Source Qualifier"/>
        <CONNECTOR FROMFIELD ="RESULT_F_COURSE_NAME" FROMINSTANCE ="CDW_UAS_F_RESULT" FROMINSTANCETYPE ="Source Definition" TOFIELD ="RESULT_F_COURSE_NAME" TOINSTANCE ="SQ_CDW_UAS_F_RESULT" TOINSTANCETYPE ="Source Qualifier"/>
        <CONNECTOR FROMFIELD ="RESULT_F_FACULTY_NO" FROMINSTANCE ="CDW_UAS_F_RESULT" FROMINSTANCETYPE ="Source Definition" TOFIELD ="RESULT_F_FACULTY_NO" TOINSTANCE ="SQ_CDW_UAS_F_RESULT" TOINSTANCETYPE ="Source Qualifier"/>
        <CONNECTOR FROMFIELD ="RESULT_MARKS" FROMINSTANCE ="CDW_UAS_F_RESULT" FROMINSTANCETYPE ="Source Definition" TOFIELD ="RESULT_MARKS" TOINSTANCE ="SQ_CDW_UAS_F_RESULT" TOINSTANCETYPE ="Source Qualifier"/>
        <CONNECTOR FROMFIELD ="RESULT_GRADE" FROMINSTANCE ="CDW_UAS_F_RESULT" FROMINSTANCETYPE ="Source Definition" TOFIELD ="RESULT_GRADE" TOINSTANCE ="SQ_CDW_UAS_F_RESULT" TOINSTANCETYPE ="Source Qualifier"/>
        <CONNECTOR FROMFIELD ="CREATED_DATE" FROMINSTANCE ="CDW_UAS_F_RESULT" FROMINSTANCETYPE ="Source Definition" TOFIELD ="CREATED_DATE" TOINSTANCE ="SQ_CDW_UAS_F_RESULT" TOINSTANCETYPE ="Source Qualifier"/>
        <CONNECTOR FROMFIELD ="CREATED_BY" FROMINSTANCE ="CDW_UAS_F_RESULT" FROMINSTANCETYPE ="Source Definition" TOFIELD ="CREATED_BY" TOINSTANCE ="SQ_CDW_UAS_F_RESULT" TOINSTANCETYPE ="Source Qualifier"/>
        <CONNECTOR FROMFIELD ="RESULT_F_COLLEGE_CODE" FROMINSTANCE ="SQ_CDW_UAS_F_RESULT" FROMINSTANCETYPE ="Source Qualifier" TOFIELD ="RESULT_F_COLLEGE_CODE" TOINSTANCE ="AGGTRANS" TOINSTANCETYPE ="Aggregator"/>
        <CONNECTOR FROMFIELD ="RESULT_F_COLLEGE_NAME" FROMINSTANCE ="SQ_CDW_UAS_F_RESULT" FROMINSTANCETYPE ="Source Qualifier" TOFIELD ="RESULT_F_COLLEGE_NAME" TOINSTANCE ="AGGTRANS" TOINSTANCETYPE ="Aggregator"/>
        <CONNECTOR FROMFIELD ="RESULT_F_COURSE_CODE" FROMINSTANCE ="SQ_CDW_UAS_F_RESULT" FROMINSTANCETYPE ="Source Qualifier" TOFIELD ="RESULT_F_COURSE_CODE" TOINSTANCE ="AGGTRANS" TOINSTANCETYPE ="Aggregator"/>
        <CONNECTOR FROMFIELD ="RESULT_F_COURSE_NAME" FROMINSTANCE ="SQ_CDW_UAS_F_RESULT" FROMINSTANCETYPE ="Source Qualifier" TOFIELD ="RESULT_F_COURSE_NAME" TOINSTANCE ="AGGTRANS" TOINSTANCETYPE ="Aggregator"/>
        <CONNECTOR FROMFIELD ="RESULT_F_FACULTY_NO" FROMINSTANCE ="SQ_CDW_UAS_F_RESULT" FROMINSTANCETYPE ="Source Qualifier" TOFIELD ="RESULT_F_FACULTY_NO" TOINSTANCE ="AGGTRANS" TOINSTANCETYPE ="Aggregator"/>
        <CONNECTOR FROMFIELD ="RESULT_MARKS" FROMINSTANCE ="SQ_CDW_UAS_F_RESULT" FROMINSTANCETYPE ="Source Qualifier" TOFIELD ="RESULT_MARKS" TOINSTANCE ="AGGTRANS" TOINSTANCETYPE ="Aggregator"/>
        <CONNECTOR FROMFIELD ="RESULT_GRADE" FROMINSTANCE ="SQ_CDW_UAS_F_RESULT" FROMINSTANCETYPE ="Source Qualifier" TOFIELD ="RESULT_GRADE" TOINSTANCE ="AGGTRANS" TOINSTANCETYPE ="Aggregator"/>
        <CONNECTOR FROMFIELD ="RESULT_F_COLLEGE_CODE" FROMINSTANCE ="AGGTRANS" FROMINSTANCETYPE ="Aggregator" TOFIELD ="RESULT_F_COLLEGE_CODE" TOINSTANCE ="EXPTRANS" TOINSTANCETYPE ="Expression"/>
        <CONNECTOR FROMFIELD ="RESULT_F_COLLEGE_NAME" FROMINSTANCE ="AGGTRANS" FROMINSTANCETYPE ="Aggregator" TOFIELD ="RESULT_F_COLLEGE_NAME" TOINSTANCE ="EXPTRANS" TOINSTANCETYPE ="Expression"/>
        <CONNECTOR FROMFIELD ="RESULT_F_COURSE_CODE" FROMINSTANCE ="AGGTRANS" FROMINSTANCETYPE ="Aggregator" TOFIELD ="RESULT_F_COURSE_CODE" TOINSTANCE ="EXPTRANS" TOINSTANCETYPE ="Expression"/>
        <CONNECTOR FROMFIELD ="RESULT_F_COURSE_NAME" FROMINSTANCE ="AGGTRANS" FROMINSTANCETYPE ="Aggregator" TOFIELD ="RESULT_F_COURSE_NAME" TOINSTANCE ="EXPTRANS" TOINSTANCETYPE ="Expression"/>
        <CONNECTOR FROMFIELD ="M_RESULT_MARKS" FROMINSTANCE ="AGGTRANS" FROMINSTANCETYPE ="Aggregator" TOFIELD ="M_RESULT_MARKS" TOINSTANCE ="EXPTRANS" TOINSTANCETYPE ="Expression"/>
        <CONNECTOR FROMFIELD ="TOTAL_PASS" FROMINSTANCE ="AGGTRANS" FROMINSTANCETYPE ="Aggregator" TOFIELD ="TOTAL_PASS" TOINSTANCE ="EXPTRANS" TOINSTANCETYPE ="Expression"/>
        <CONNECTOR FROMFIELD ="NEXTVAL" FROMINSTANCE ="SEQTRANS" FROMINSTANCETYPE ="Sequence" TOFIELD ="CDW_RESULT_AGG_DATA" TOINSTANCE ="EXPTRANS" TOINSTANCETYPE ="Expression"/>
        <TARGETLOADORDER ORDER ="1" TARGETINSTANCE ="CDW_UAS_F_AGG_DATA"/>
        <ERPINFO/>
    </MAPPING>
</FOLDER>
</REPOSITORY>
</POWERMART>