<?xml version="1.0" encoding="Windows-1252"?>
<!DOCTYPE POWERMART SYSTEM "powrmart.dtd">
<POWERMART CREATION_DATE="04/06/2022 11:47:23" REPOSITORY_VERSION="186.95">
<REPOSITORY NAME="Repo_Academy" VERSION="186" CODEPAGE="MS1252" DATABASETYPE="Oracle">
<FOLDER NAME="UAS_PROJECT_069" GROUP="" OWNER="infouser" SHARED="NOTSHARED" DESCRIPTION="" PERMISSIONS="rwx---r--" UUID="7e4ab2f5-9092-4bae-a4e2-74e649726693">
    <SOURCE BUSINESSNAME ="" DATABASETYPE ="Flat File" DBDNAME ="FlatFile" DESCRIPTION ="" NAME ="FF_SRC_CALENDER_FILE" OBJECTVERSION ="1" OWNERNAME ="" VERSIONNUMBER ="1">
        <FLATFILE CODEPAGE ="MS1252" CONSECDELIMITERSASONE ="NO" DELIMITED ="YES" DELIMITERS ="," ESCAPE_CHARACTER ="" KEEPESCAPECHAR ="NO" LINESEQUENTIAL ="NO" MULTIDELIMITERSASAND ="NO" NULLCHARTYPE ="ASCII" NULL_CHARACTER ="*" PADBYTES ="1" QUOTE_CHARACTER ="NONE" REPEATABLE ="NO" ROWDELIMITER ="0" SHIFTSENSITIVEDATA ="NO" SKIPROWS ="1" STRIPTRAILINGBLANKS ="NO"/>
        <TABLEATTRIBUTE NAME ="Base Table Name" VALUE =""/>
        <TABLEATTRIBUTE NAME ="Search Specification" VALUE =""/>
        <TABLEATTRIBUTE NAME ="Sort Specification" VALUE =""/>
        <TABLEATTRIBUTE NAME ="Datetime Format" VALUE ="A  19 mm/dd/yyyy hh24:mi:ss"/>
        <TABLEATTRIBUTE NAME ="Thousand Separator" VALUE ="None"/>
        <TABLEATTRIBUTE NAME ="Decimal Separator" VALUE ="."/>
        <TABLEATTRIBUTE NAME ="Add Currently Processed Flat File Name Port" VALUE ="NO"/>
        <TABLEATTRIBUTE NAME ="Source TimeStamp" VALUE =""/>
        <SOURCEFIELD BUSINESSNAME ="" DATATYPE ="string" DESCRIPTION ="" FIELDNUMBER ="1" FIELDPROPERTY ="0" FIELDTYPE ="ELEMITEM" HIDDEN ="NO" KEYTYPE ="NOT A KEY" LENGTH ="8" LEVEL ="0" NAME ="TIME_KEY" NULLABLE ="NULL" OCCURS ="0" OFFSET ="0" PHYSICALLENGTH ="8" PHYSICALOFFSET ="0" PICTURETEXT ="" PRECISION ="8" SCALE ="0" USAGE_FLAGS =""/>
    </SOURCE>
    <TARGET BUSINESSNAME ="" CONSTRAINT ="" DATABASETYPE ="Oracle" DESCRIPTION ="" NAME ="CDW_UAS_D_TIME" OBJECTVERSION ="1" TABLEOPTIONS ="" VERSIONNUMBER ="1">
        <TARGETFIELD BUSINESSNAME ="" DATATYPE ="nvarchar2" DESCRIPTION ="" FIELDNUMBER ="1" KEYTYPE ="NOT A KEY" NAME ="TIMEID" NULLABLE ="NULL" PICTURETEXT ="" PRECISION ="8" SCALE ="0"/>
        <TARGETFIELD BUSINESSNAME ="" DATATYPE ="number(p,s)" DESCRIPTION ="" FIELDNUMBER ="2" KEYTYPE ="NOT A KEY" NAME ="DAY" NULLABLE ="NULL" PICTURETEXT ="" PRECISION ="2" SCALE ="0"/>
        <TARGETFIELD BUSINESSNAME ="" DATATYPE ="number(p,s)" DESCRIPTION ="" FIELDNUMBER ="3" KEYTYPE ="NOT A KEY" NAME ="MONTH" NULLABLE ="NULL" PICTURETEXT ="" PRECISION ="2" SCALE ="0"/>
        <TARGETFIELD BUSINESSNAME ="" DATATYPE ="nvarchar2" DESCRIPTION ="" FIELDNUMBER ="4" KEYTYPE ="NOT A KEY" NAME ="QUARTER" NULLABLE ="NULL" PICTURETEXT ="" PRECISION ="8" SCALE ="0"/>
        <TARGETFIELD BUSINESSNAME ="" DATATYPE ="number(p,s)" DESCRIPTION ="" FIELDNUMBER ="5" KEYTYPE ="NOT A KEY" NAME ="YEAR" NULLABLE ="NULL" PICTURETEXT ="" PRECISION ="4" SCALE ="0"/>
    </TARGET>
    <MAPPING DESCRIPTION ="" ISVALID ="YES" NAME ="m_CDW_UAS_D_TIME" OBJECTVERSION ="1" VERSIONNUMBER ="1">
        <TRANSFORMATION DESCRIPTION ="" NAME ="SQ_FF_SRC_CALENDER_FILE" OBJECTVERSION ="1" REUSABLE ="NO" TYPE ="Source Qualifier" VERSIONNUMBER ="1">
            <TRANSFORMFIELD DATATYPE ="string" DEFAULTVALUE ="" DESCRIPTION ="" NAME ="TIME_KEY" PICTURETEXT ="" PORTTYPE ="INPUT/OUTPUT" PRECISION ="8" SCALE ="0"/>
            <TABLEATTRIBUTE NAME ="Sql Query" VALUE =""/>
            <TABLEATTRIBUTE NAME ="User Defined Join" VALUE =""/>
            <TABLEATTRIBUTE NAME ="Source Filter" VALUE =""/>
            <TABLEATTRIBUTE NAME ="Number Of Sorted Ports" VALUE ="0"/>
            <TABLEATTRIBUTE NAME ="Tracing Level" VALUE ="Normal"/>
            <TABLEATTRIBUTE NAME ="Select Distinct" VALUE ="NO"/>
            <TABLEATTRIBUTE NAME ="Is Partitionable" VALUE ="NO"/>
            <TABLEATTRIBUTE NAME ="Pre SQL" VALUE =""/>
            <TABLEATTRIBUTE NAME ="Post SQL" VALUE =""/>
            <TABLEATTRIBUTE NAME ="Output is deterministic" VALUE ="NO"/>
            <TABLEATTRIBUTE NAME ="Output is repeatable" VALUE ="Never"/>
        </TRANSFORMATION>
        <TRANSFORMATION DESCRIPTION ="" NAME ="exp_m_CDW_UAS_D_TIME" OBJECTVERSION ="1" REUSABLE ="NO" TYPE ="Expression" VERSIONNUMBER ="1">
            <TRANSFORMFIELD DATATYPE ="string" DEFAULTVALUE ="" DESCRIPTION ="" EXPRESSION ="TIME_KEY" EXPRESSIONTYPE ="GENERAL" NAME ="TIME_KEY" PICTURETEXT ="" PORTTYPE ="INPUT/OUTPUT" PRECISION ="8" SCALE ="0"/>
            <TRANSFORMFIELD DATATYPE ="date/time" DEFAULTVALUE ="" DESCRIPTION ="" EXPRESSION ="TO_DATE(TIME_KEY,&apos;DD-MM-YYYY&apos;)" EXPRESSIONTYPE ="GENERAL" NAME ="v_DATE" PICTURETEXT ="" PORTTYPE ="LOCAL VARIABLE" PRECISION ="29" SCALE ="9"/>
            <TRANSFORMFIELD DATATYPE ="integer" DEFAULTVALUE ="" DESCRIPTION ="" EXPRESSION ="GET_DATE_PART(v_DATE,&apos;MM&apos;)" EXPRESSIONTYPE ="GENERAL" NAME ="v_MONTH" PICTURETEXT ="" PORTTYPE ="LOCAL VARIABLE" PRECISION ="10" SCALE ="0"/>
            <TRANSFORMFIELD DATATYPE ="integer" DEFAULTVALUE ="ERROR(&apos;transformation error&apos;)" DESCRIPTION ="" EXPRESSION ="GET_DATE_PART(v_DATE,&apos;DD&apos;)" EXPRESSIONTYPE ="GENERAL" NAME ="DAY" PICTURETEXT ="" PORTTYPE ="OUTPUT" PRECISION ="10" SCALE ="0"/>
            <TRANSFORMFIELD DATATYPE ="integer" DEFAULTVALUE ="ERROR(&apos;transformation error&apos;)" DESCRIPTION ="" EXPRESSION ="GET_DATE_PART(v_DATE,&apos;MM&apos;)" EXPRESSIONTYPE ="GENERAL" NAME ="MONTH" PICTURETEXT ="" PORTTYPE ="OUTPUT" PRECISION ="10" SCALE ="0"/>
            <TRANSFORMFIELD DATATYPE ="string" DEFAULTVALUE ="ERROR(&apos;transformation error&apos;)" DESCRIPTION ="" EXPRESSION ="DECODE(TRUE,&#xD;&#xA;v_MONTH &gt;= 1 AND v_MONTH &lt;= 3,&apos;FIRST&apos;,&#xD;&#xA;v_MONTH &gt;= 4 AND v_MONTH &lt;= 6,&apos;SECOND&apos;,&#xD;&#xA;v_MONTH &gt;= 7 AND v_MONTH &lt;= 9, &apos;THIRD&apos;,&#xD;&#xA;v_MONTH &gt;= 10 AND v_MONTH &lt;= 12,&apos;FOURTH&apos;)" EXPRESSIONTYPE ="GENERAL" NAME ="QUARTER" PICTURETEXT ="" PORTTYPE ="OUTPUT" PRECISION ="10" SCALE ="0"/>
            <TRANSFORMFIELD DATATYPE ="integer" DEFAULTVALUE ="ERROR(&apos;transformation error&apos;)" DESCRIPTION ="" EXPRESSION ="GET_DATE_PART(v_DATE,&apos;YYYY&apos;)" EXPRESSIONTYPE ="GENERAL" NAME ="YEAR" PICTURETEXT ="" PORTTYPE ="OUTPUT" PRECISION ="10" SCALE ="0"/>
            <TABLEATTRIBUTE NAME ="Tracing Level" VALUE ="Normal"/>
        </TRANSFORMATION>
        <INSTANCE DESCRIPTION ="" NAME ="CDW_UAS_D_TIME" TRANSFORMATION_NAME ="CDW_UAS_D_TIME" TRANSFORMATION_TYPE ="Target Definition" TYPE ="TARGET"/>
        <INSTANCE DBDNAME ="FlatFile" DESCRIPTION ="" NAME ="FF_SRC_CALENDER_FILE" TRANSFORMATION_NAME ="FF_SRC_CALENDER_FILE" TRANSFORMATION_TYPE ="Source Definition" TYPE ="SOURCE"/>
        <INSTANCE DESCRIPTION ="" NAME ="SQ_FF_SRC_CALENDER_FILE" REUSABLE ="NO" TRANSFORMATION_NAME ="SQ_FF_SRC_CALENDER_FILE" TRANSFORMATION_TYPE ="Source Qualifier" TYPE ="TRANSFORMATION">
            <ASSOCIATED_SOURCE_INSTANCE NAME ="FF_SRC_CALENDER_FILE"/>
        </INSTANCE>
        <INSTANCE DESCRIPTION ="" NAME ="exp_m_CDW_UAS_D_TIME" REUSABLE ="NO" TRANSFORMATION_NAME ="exp_m_CDW_UAS_D_TIME" TRANSFORMATION_TYPE ="Expression" TYPE ="TRANSFORMATION"/>
        <CONNECTOR FROMFIELD ="TIME_KEY" FROMINSTANCE ="exp_m_CDW_UAS_D_TIME" FROMINSTANCETYPE ="Expression" TOFIELD ="TIMEID" TOINSTANCE ="CDW_UAS_D_TIME" TOINSTANCETYPE ="Target Definition"/>
        <CONNECTOR FROMFIELD ="DAY" FROMINSTANCE ="exp_m_CDW_UAS_D_TIME" FROMINSTANCETYPE ="Expression" TOFIELD ="DAY" TOINSTANCE ="CDW_UAS_D_TIME" TOINSTANCETYPE ="Target Definition"/>
        <CONNECTOR FROMFIELD ="MONTH" FROMINSTANCE ="exp_m_CDW_UAS_D_TIME" FROMINSTANCETYPE ="Expression" TOFIELD ="MONTH" TOINSTANCE ="CDW_UAS_D_TIME" TOINSTANCETYPE ="Target Definition"/>
        <CONNECTOR FROMFIELD ="QUARTER" FROMINSTANCE ="exp_m_CDW_UAS_D_TIME" FROMINSTANCETYPE ="Expression" TOFIELD ="QUARTER" TOINSTANCE ="CDW_UAS_D_TIME" TOINSTANCETYPE ="Target Definition"/>
        <CONNECTOR FROMFIELD ="YEAR" FROMINSTANCE ="exp_m_CDW_UAS_D_TIME" FROMINSTANCETYPE ="Expression" TOFIELD ="YEAR" TOINSTANCE ="CDW_UAS_D_TIME" TOINSTANCETYPE ="Target Definition"/>
        <CONNECTOR FROMFIELD ="TIME_KEY" FROMINSTANCE ="FF_SRC_CALENDER_FILE" FROMINSTANCETYPE ="Source Definition" TOFIELD ="TIME_KEY" TOINSTANCE ="SQ_FF_SRC_CALENDER_FILE" TOINSTANCETYPE ="Source Qualifier"/>
        <CONNECTOR FROMFIELD ="TIME_KEY" FROMINSTANCE ="SQ_FF_SRC_CALENDER_FILE" FROMINSTANCETYPE ="Source Qualifier" TOFIELD ="TIME_KEY" TOINSTANCE ="exp_m_CDW_UAS_D_TIME" TOINSTANCETYPE ="Expression"/>
        <TARGETLOADORDER ORDER ="1" TARGETINSTANCE ="CDW_UAS_D_TIME"/>
        <ERPINFO/>
    </MAPPING>
</FOLDER>
</REPOSITORY>
</POWERMART>